split,sample_id,label,label_name,pred,pred_name,clean_score,adv_score,image_path
train,phase1_000002,0,clean,0,clean,0.9990390539169312,0.0009609977132640779,/root/fs/ai/seeact_web_agent_study_artifacts/short_command_full_v1/phase1_classification/images/phase1_000002.jpg
train,phase1_000003,0,clean,0,clean,0.9987106323242188,0.0012893221573904157,/root/fs/ai/seeact_web_agent_study_artifacts/short_command_full_v1/phase1_classification/images/phase1_000003.jpg
train,phase1_000004,0,clean,0,clean,0.998908281326294,0.0010917318286374211,/root/fs/ai/seeact_web_agent_study_artifacts/short_command_full_v1/phase1_classification/images/phase1_000004.jpg
train,phase1_000005,0,clean,0,clean,0.9986434578895569,0.0013564901892095804,/root/fs/ai/seeact_web_agent_study_artifacts/short_command_full_v1/phase1_classification/images/phase1_000005.jpg
train,phase1_000006,0,clean,0,clean,0.9981790781021118,0.0018209785921499133,/root/fs/ai/seeact_web_agent_study_artifacts/short_command_full_v1/phase1_classification/images/phase1_000006.jpg
train,phase1_000007,1,adv,1,adv,5.073430202173768e-06,0.9999948740005493,/root/fs/ai/seeact_web_agent_study_artifacts/short_command_full_v1/phase1_classification/images/phase1_000007.jpg
train,phase1_000008,0,clean,0,clean,0.9981654286384583,0.0018346012802794576,/root/fs/ai/seeact_web_agent_study_artifacts/short_command_full_v1/phase1_classification/images/phase1_000008.jpg
train,phase1_000013,0,clean,0,clean,0.9988860487937927,0.0011140141868963838,/root/fs/ai/seeact_web_agent_study_artifacts/short_command_full_v1/phase1_classification/images/phase1_000013.jpg
train,phase1_000014,0,clean,0,clean,0.9988883137702942,0.0011116606183350086,/root/fs/ai/seeact_web_agent_study_artifacts/short_command_full_v1/phase1_classification/images/phase1_000014.jpg
train,phase1_000015,0,clean,0,clean,0.9989603757858276,0.0010396632133051753,/root/fs/ai/seeact_web_agent_study_artifacts/short_command_full_v1/phase1_classification/images/phase1_000015.jpg
train,phase1_000016,0,clean,0,clean,0.9986900687217712,0.0013099563075229526,/root/fs/ai/seeact_web_agent_study_artifacts/short_command_full_v1/phase1_classification/images/phase1_000016.jpg
train,phase1_000017,0,clean,0,clean,0.9993211030960083,0.0006788871833123267,/root/fs/ai/seeact_web_agent_study_artifacts/short_command_full_v1/phase1_classification/images/phase1_000017.jpg
train,phase1_000018,0,clean,0,clean,0.999239444732666,0.0007605655118823051,/root/fs/ai/seeact_web_agent_study_artifacts/short_command_full_v1/phase1_classification/images/phase1_000018.jpg
train,phase1_000019,0,clean,0,clean,0.9992592930793762,0.0007406880613416433,/root/fs/ai/seeact_web_agent_study_artifacts/short_command_full_v1/phase1_classification/images/phase1_000019.jpg
train,phase1_000020,0,clean,0,clean,0.9992052912712097,0.0007947846315801144,/root/fs/ai/seeact_web_agent_study_artifacts/short_command_full_v1/phase1_classification/images/phase1_000020.jpg
train,phase1_000021,1,adv,1,adv,1.7948354608110506e-11,1.0,/root/fs/ai/seeact_web_agent_study_artifacts/short_command_full_v1/phase1_classification/images/phase1_000021.jpg
train,phase1_000023,0,clean,0,clean,0.9992194175720215,0.0007805731729604304,/root/fs/ai/seeact_web_agent_study_artifacts/short_command_full_v1/phase1_classification/images/phase1_000023.jpg
train,phase1_000024,0,clean,0,clean,0.995497465133667,0.004502560943365097,/root/fs/ai/seeact_web_agent_study_artifacts/short_command_full_v1/phase1_classification/images/phase1_000024.jpg
train,phase1_000027,0,clean,0,clean,0.9993126392364502,0.0006873862002976239,/root/fs/ai/seeact_web_agent_study_artifacts/short_command_full_v1/phase1_classification/images/phase1_000027.jpg
train,phase1_000028,0,clean,0,clean,0.999154806137085,0.0008451382745988667,/root/fs/ai/seeact_web_agent_study_artifacts/short_command_full_v1/phase1_classification/images/phase1_000028.jpg
train,phase1_000029,0,clean,0,clean,0.983228325843811,0.01677166111767292,/root/fs/ai/seeact_web_agent_study_artifacts/short_command_full_v1/phase1_classification/images/phase1_000029.jpg
train,phase1_000030,1,adv,1,adv,4.522782433014072e-07,0.9999995231628418,/root/fs/ai/seeact_web_agent_study_artifacts/short_command_full_v1/phase1_classification/images/phase1_000030.jpg
train,phase1_000031,1,adv,1,adv,8.658646947878879e-06,0.9999912977218628,/root/fs/ai/seeact_web_agent_study_artifacts/short_command_full_v1/phase1_classification/images/phase1_000031.jpg
train,phase1_000032,0,clean,0,clean,0.9983955025672913,0.0016045047668740153,/root/fs/ai/seeact_web_agent_study_artifacts/short_command_full_v1/phase1_classification/images/phase1_000032.jpg
train,phase1_000033,1,adv,1,adv,7.674332778151438e-07,0.9999992847442627,/root/fs/ai/seeact_web_agent_study_artifacts/short_command_full_v1/phase1_classification/images/phase1_000033.jpg
train,phase1_000034,1,adv,1,adv,8.126476132019889e-06,0.9999918937683105,/root/fs/ai/seeact_web_agent_study_artifacts/short_command_full_v1/phase1_classification/images/phase1_000034.jpg
train,phase1_000035,0,clean,0,clean,0.99708491563797,0.0029150957707315683,/root/fs/ai/seeact_web_agent_study_artifacts/short_command_full_v1/phase1_classification/images/phase1_000035.jpg
train,phase1_000036,0,clean,0,clean,0.9941946864128113,0.005805310793220997,/root/fs/ai/seeact_web_agent_study_artifacts/short_command_full_v1/phase1_classification/images/phase1_000036.jpg
train,phase1_000037,0,clean,0,clean,0.9972400665283203,0.002759963972494006,/root/fs/ai/seeact_web_agent_study_artifacts/short_command_full_v1/phase1_classification/images/phase1_000037.jpg
train,phase1_000038,0,clean,0,clean,0.9976767897605896,0.00232318346388638,/root/fs/ai/seeact_web_agent_study_artifacts/short_command_full_v1/phase1_classification/images/phase1_000038.jpg
train,phase1_000039,1,adv,1,adv,5.836076866216899e-07,0.9999994039535522,/root/fs/ai/seeact_web_agent_study_artifacts/short_command_full_v1/phase1_classification/images/phase1_000039.jpg
train,phase1_000040,0,clean,0,clean,0.9972672462463379,0.002732756780460477,/root/fs/ai/seeact_web_agent_study_artifacts/short_command_full_v1/phase1_classification/images/phase1_000040.jpg
train,phase1_000041,0,clean,0,clean,0.9991942048072815,0.000805788382422179,/root/fs/ai/seeact_web_agent_study_artifacts/short_command_full_v1/phase1_classification/images/phase1_000041.jpg
train,phase1_000045,0,clean,0,clean,0.9990864992141724,0.0009134937427006662,/root/fs/ai/seeact_web_agent_study_artifacts/short_command_full_v1/phase1_classification/images/phase1_000045.jpg
train,phase1_000046,0,clean,0,clean,0.9993201494216919,0.0006798493559472263,/root/fs/ai/seeact_web_agent_study_artifacts/short_command_full_v1/phase1_classification/images/phase1_000046.jpg
train,phase1_000047,1,adv,1,adv,8.143108971125912e-06,0.9999918937683105,/root/fs/ai/seeact_web_agent_study_artifacts/short_command_full_v1/phase1_classification/images/phase1_000047.jpg
train,phase1_000050,0,clean,0,clean,0.9989191293716431,0.0010808726074174047,/root/fs/ai/seeact_web_agent_study_artifacts/short_command_full_v1/phase1_classification/images/phase1_000050.jpg
train,phase1_000051,1,adv,1,adv,4.6723031118744984e-05,0.9999532699584961,/root/fs/ai/seeact_web_agent_study_artifacts/short_command_full_v1/phase1_classification/images/phase1_000051.jpg
train,phase1_000053,0,clean,0,clean,0.9990746974945068,0.0009252442978322506,/root/fs/ai/seeact_web_agent_study_artifacts/short_command_full_v1/phase1_classification/images/phase1_000053.jpg
train,phase1_000054,0,clean,0,clean,0.9994159936904907,0.0005840249941684306,/root/fs/ai/seeact_web_agent_study_artifacts/short_command_full_v1/phase1_classification/images/phase1_000054.jpg
train,phase1_000055,0,clean,0,clean,0.9990897178649902,0.0009103388874791563,/root/fs/ai/seeact_web_agent_study_artifacts/short_command_full_v1/phase1_classification/images/phase1_000055.jpg
train,phase1_000058,0,clean,0,clean,0.9990699887275696,0.0009300457895733416,/root/fs/ai/seeact_web_agent_study_artifacts/short_command_full_v1/phase1_classification/images/phase1_000058.jpg
train,phase1_000059,0,clean,0,clean,0.9989714622497559,0.001028501894325018,/root/fs/ai/seeact_web_agent_study_artifacts/short_command_full_v1/phase1_classification/images/phase1_000059.jpg
train,phase1_000066,0,clean,0,clean,0.9986796975135803,0.0013203350827097893,/root/fs/ai/seeact_web_agent_study_artifacts/short_command_full_v1/phase1_classification/images/phase1_000066.jpg
train,phase1_000067,1,adv,1,adv,4.3966142726503676e-08,1.0,/root/fs/ai/seeact_web_agent_study_artifacts/short_command_full_v1/phase1_classification/images/phase1_000067.jpg
train,phase1_000070,0,clean,0,clean,0.9990577101707458,0.0009423030423931777,/root/fs/ai/seeact_web_agent_study_artifacts/short_command_full_v1/phase1_classification/images/phase1_000070.jpg
train,phase1_000071,0,clean,0,clean,0.9987970590591431,0.0012029663193970919,/root/fs/ai/seeact_web_agent_study_artifacts/short_command_full_v1/phase1_classification/images/phase1_000071.jpg
train,phase1_000072,0,clean,0,clean,0.9976254105567932,0.002374562667682767,/root/fs/ai/seeact_web_agent_study_artifacts/short_command_full_v1/phase1_classification/images/phase1_000072.jpg
train,phase1_000074,0,clean,0,clean,0.9994438290596008,0.000556151382625103,/root/fs/ai/seeact_web_agent_study_artifacts/short_command_full_v1/phase1_classification/images/phase1_000074.jpg
train,phase1_000075,1,adv,1,adv,4.90448837808799e-05,0.9999510049819946,/root/fs/ai/seeact_web_agent_study_artifacts/short_command_full_v1/phase1_classification/images/phase1_000075.jpg
train,phase1_000076,0,clean,0,clean,0.9983263611793518,0.0016736503457650542,/root/fs/ai/seeact_web_agent_study_artifacts/short_command_full_v1/phase1_classification/images/phase1_000076.jpg
train,phase1_000077,1,adv,1,adv,1.4988563634688035e-06,0.9999984502792358,/root/fs/ai/seeact_web_agent_study_artifacts/short_command_full_v1/phase1_classification/images/phase1_000077.jpg
train,phase1_000078,0,clean,0,clean,0.9990923404693604,0.0009076460846699774,/root/fs/ai/seeact_web_agent_study_artifacts/short_command_full_v1/phase1_classification/images/phase1_000078.jpg
train,phase1_000080,0,clean,0,clean,0.999128520488739,0.000871472351718694,/root/fs/ai/seeact_web_agent_study_artifacts/short_command_full_v1/phase1_classification/images/phase1_000080.jpg
train,phase1_000081,0,clean,0,clean,0.9991432428359985,0.0008567410986870527,/root/fs/ai/seeact_web_agent_study_artifacts/short_command_full_v1/phase1_classification/images/phase1_000081.jpg
train,phase1_000082,0,clean,0,clean,0.9993231296539307,0.000676840019878,/root/fs/ai/seeact_web_agent_study_artifacts/short_command_full_v1/phase1_classification/images/phase1_000082.jpg
train,phase1_000085,0,clean,0,clean,0.9991430044174194,0.0008569509373046458,/root/fs/ai/seeact_web_agent_study_artifacts/short_command_full_v1/phase1_classification/images/phase1_000085.jpg
train,phase1_000086,0,clean,0,clean,0.9969936609268188,0.0030063518788665533,/root/fs/ai/seeact_web_agent_study_artifacts/short_command_full_v1/phase1_classification/images/phase1_000086.jpg
train,phase1_000087,1,adv,1,adv,3.3992620274148067e-07,0.9999996423721313,/root/fs/ai/seeact_web_agent_study_artifacts/short_command_full_v1/phase1_classification/images/phase1_000087.jpg
train,phase1_000089,0,clean,0,clean,0.9992334842681885,0.0007665739976800978,/root/fs/ai/seeact_web_agent_study_artifacts/short_command_full_v1/phase1_classification/images/phase1_000089.jpg
train,phase1_000090,0,clean,0,clean,0.9994035959243774,0.0005963788134977221,/root/fs/ai/seeact_web_agent_study_artifacts/short_command_full_v1/phase1_classification/images/phase1_000090.jpg
train,phase1_000091,1,adv,1,adv,5.0488820306782145e-06,0.9999949932098389,/root/fs/ai/seeact_web_agent_study_artifacts/short_command_full_v1/phase1_classification/images/phase1_000091.jpg
train,phase1_000092,0,clean,0,clean,0.9992037415504456,0.0007962699746713042,/root/fs/ai/seeact_web_agent_study_artifacts/short_command_full_v1/phase1_classification/images/phase1_000092.jpg
train,phase1_000093,0,clean,0,clean,0.9992454051971436,0.0007545904372818768,/root/fs/ai/seeact_web_agent_study_artifacts/short_command_full_v1/phase1_classification/images/phase1_000093.jpg
train,phase1_000094,1,adv,1,adv,7.897287105151918e-06,0.9999921321868896,/root/fs/ai/seeact_web_agent_study_artifacts/short_command_full_v1/phase1_classification/images/phase1_000094.jpg
train,phase1_000097,0,clean,0,clean,0.9992319345474243,0.0007680382113903761,/root/fs/ai/seeact_web_agent_study_artifacts/short_command_full_v1/phase1_classification/images/phase1_000097.jpg
train,phase1_000098,0,clean,0,clean,0.9992520213127136,0.0007479963242076337,/root/fs/ai/seeact_web_agent_study_artifacts/short_command_full_v1/phase1_classification/images/phase1_000098.jpg
train,phase1_000099,1,adv,1,adv,4.2314445636293385e-06,0.9999958276748657,/root/fs/ai/seeact_web_agent_study_artifacts/short_command_full_v1/phase1_classification/images/phase1_000099.jpg
train,phase1_000103,0,clean,0,clean,0.9991668462753296,0.0008331986027769744,/root/fs/ai/seeact_web_agent_study_artifacts/short_command_full_v1/phase1_classification/images/phase1_000103.jpg
train,phase1_000104,0,clean,0,clean,0.9963948130607605,0.0036052456125617027,/root/fs/ai/seeact_web_agent_study_artifacts/short_command_full_v1/phase1_classification/images/phase1_000104.jpg
train,phase1_000105,1,adv,1,adv,0.00042734434828162193,0.9995726943016052,/root/fs/ai/seeact_web_agent_study_artifacts/short_command_full_v1/phase1_classification/images/phase1_000105.jpg
train,phase1_000106,0,clean,0,clean,0.9969955682754517,0.0030044661834836006,/root/fs/ai/seeact_web_agent_study_artifacts/short_command_full_v1/phase1_classification/images/phase1_000106.jpg
train,phase1_000107,1,adv,1,adv,7.499976106828399e-08,0.9999998807907104,/root/fs/ai/seeact_web_agent_study_artifacts/short_command_full_v1/phase1_classification/images/phase1_000107.jpg
train,phase1_000108,0,clean,0,clean,0.9976019263267517,0.00239807297475636,/root/fs/ai/seeact_web_agent_study_artifacts/short_command_full_v1/phase1_classification/images/phase1_000108.jpg
train,phase1_000109,1,adv,1,adv,4.4009016164636705e-07,0.9999995231628418,/root/fs/ai/seeact_web_agent_study_artifacts/short_command_full_v1/phase1_classification/images/phase1_000109.jpg
train,phase1_000110,0,clean,0,clean,0.9991483688354492,0.0008516329107806087,/root/fs/ai/seeact_web_agent_study_artifacts/short_command_full_v1/phase1_classification/images/phase1_000110.jpg
train,phase1_000111,0,clean,0,clean,0.9993921518325806,0.0006078206351958215,/root/fs/ai/seeact_web_agent_study_artifacts/short_command_full_v1/phase1_classification/images/phase1_000111.jpg
train,phase1_000112,1,adv,1,adv,1.564097146911081e-06,0.9999984502792358,/root/fs/ai/seeact_web_agent_study_artifacts/short_command_full_v1/phase1_classification/images/phase1_000112.jpg
train,phase1_000113,0,clean,0,clean,0.995361864566803,0.004638195037841797,/root/fs/ai/seeact_web_agent_study_artifacts/short_command_full_v1/phase1_classification/images/phase1_000113.jpg
train,phase1_000114,1,adv,1,adv,1.4830679901933763e-06,0.9999985694885254,/root/fs/ai/seeact_web_agent_study_artifacts/short_command_full_v1/phase1_classification/images/phase1_000114.jpg
train,phase1_000115,0,clean,0,clean,0.9966392517089844,0.0033607908990234137,/root/fs/ai/seeact_web_agent_study_artifacts/short_command_full_v1/phase1_classification/images/phase1_000115.jpg
train,phase1_000116,0,clean,0,clean,0.9992308616638184,0.0007691262289881706,/root/fs/ai/seeact_web_agent_study_artifacts/short_command_full_v1/phase1_classification/images/phase1_000116.jpg
train,phase1_000117,0,clean,0,clean,0.9988799691200256,0.0011199729051440954,/root/fs/ai/seeact_web_agent_study_artifacts/short_command_full_v1/phase1_classification/images/phase1_000117.jpg
train,phase1_000118,0,clean,0,clean,0.9977560639381409,0.0022439470048993826,/root/fs/ai/seeact_web_agent_study_artifacts/short_command_full_v1/phase1_classification/images/phase1_000118.jpg
train,phase1_000119,0,clean,0,clean,0.9993044137954712,0.0006955426069907844,/root/fs/ai/seeact_web_agent_study_artifacts/short_command_full_v1/phase1_classification/images/phase1_000119.jpg
train,phase1_000120,1,adv,1,adv,1.6218991731875576e-06,0.9999983310699463,/root/fs/ai/seeact_web_agent_study_artifacts/short_command_full_v1/phase1_classification/images/phase1_000120.jpg
train,phase1_000121,0,clean,0,clean,0.999427080154419,0.0005729253753088415,/root/fs/ai/seeact_web_agent_study_artifacts/short_command_full_v1/phase1_classification/images/phase1_000121.jpg
train,phase1_000122,1,adv,1,adv,1.820175953071157e-06,0.9999982118606567,/root/fs/ai/seeact_web_agent_study_artifacts/short_command_full_v1/phase1_classification/images/phase1_000122.jpg
train,phase1_000123,1,adv,1,adv,1.6335805412381887e-05,0.9999836683273315,/root/fs/ai/seeact_web_agent_study_artifacts/short_command_full_v1/phase1_classification/images/phase1_000123.jpg
train,phase1_000124,0,clean,0,clean,0.9993815422058105,0.0006184767698869109,/root/fs/ai/seeact_web_agent_study_artifacts/short_command_full_v1/phase1_classification/images/phase1_000124.jpg
train,phase1_000125,1,adv,1,adv,1.6933125834839302e-06,0.9999983310699463,/root/fs/ai/seeact_web_agent_study_artifacts/short_command_full_v1/phase1_classification/images/phase1_000125.jpg
train,phase1_000126,0,clean,0,clean,0.9993828535079956,0.0006171601125970483,/root/fs/ai/seeact_web_agent_study_artifacts/short_command_full_v1/phase1_classification/images/phase1_000126.jpg
train,phase1_000127,0,clean,0,clean,0.9969471096992493,0.0030529380310326815,/root/fs/ai/seeact_web_agent_study_artifacts/short_command_full_v1/phase1_classification/images/phase1_000127.jpg
train,phase1_000128,1,adv,1,adv,0.007833651266992092,0.9921663999557495,/root/fs/ai/seeact_web_agent_study_artifacts/short_command_full_v1/phase1_classification/images/phase1_000128.jpg
train,phase1_000129,1,adv,1,adv,0.001466649817302823,0.9985333681106567,/root/fs/ai/seeact_web_agent_study_artifacts/short_command_full_v1/phase1_classification/images/phase1_000129.jpg
train,phase1_000130,0,clean,0,clean,0.9984880685806274,0.001511902897618711,/root/fs/ai/seeact_web_agent_study_artifacts/short_command_full_v1/phase1_classification/images/phase1_000130.jpg
train,phase1_000131,1,adv,1,adv,0.0011522872373461723,0.9988477230072021,/root/fs/ai/seeact_web_agent_study_artifacts/short_command_full_v1/phase1_classification/images/phase1_000131.jpg
train,phase1_000136,0,clean,0,clean,0.9966076612472534,0.003392306622117758,/root/fs/ai/seeact_web_agent_study_artifacts/short_command_full_v1/phase1_classification/images/phase1_000136.jpg
train,phase1_000137,0,clean,0,clean,0.9994333386421204,0.0005666161305271089,/root/fs/ai/seeact_web_agent_study_artifacts/short_command_full_v1/phase1_classification/images/phase1_000137.jpg
train,phase1_000138,0,clean,0,clean,0.9966114163398743,0.003388594835996628,/root/fs/ai/seeact_web_agent_study_artifacts/short_command_full_v1/phase1_classification/images/phase1_000138.jpg
train,phase1_000139,0,clean,0,clean,0.9953591227531433,0.004640834406018257,/root/fs/ai/seeact_web_agent_study_artifacts/short_command_full_v1/phase1_classification/images/phase1_000139.jpg
train,phase1_000140,1,adv,1,adv,8.863445941642567e-07,0.9999991655349731,/root/fs/ai/seeact_web_agent_study_artifacts/short_command_full_v1/phase1_classification/images/phase1_000140.jpg
train,phase1_000141,0,clean,0,clean,0.9965282082557678,0.0034717561211436987,/root/fs/ai/seeact_web_agent_study_artifacts/short_command_full_v1/phase1_classification/images/phase1_000141.jpg
train,phase1_000142,0,clean,0,clean,0.9991480112075806,0.0008519746479578316,/root/fs/ai/seeact_web_agent_study_artifacts/short_command_full_v1/phase1_classification/images/phase1_000142.jpg
train,phase1_000144,0,clean,0,clean,0.9989238381385803,0.0010761782759800553,/root/fs/ai/seeact_web_agent_study_artifacts/short_command_full_v1/phase1_classification/images/phase1_000144.jpg
train,phase1_000145,0,clean,0,clean,0.9938215017318726,0.006178415380418301,/root/fs/ai/seeact_web_agent_study_artifacts/short_command_full_v1/phase1_classification/images/phase1_000145.jpg
train,phase1_000146,0,clean,0,clean,0.9992031455039978,0.0007969224825501442,/root/fs/ai/seeact_web_agent_study_artifacts/short_command_full_v1/phase1_classification/images/phase1_000146.jpg
train,phase1_000147,0,clean,0,clean,0.9989877343177795,0.0010122653329744935,/root/fs/ai/seeact_web_agent_study_artifacts/short_command_full_v1/phase1_classification/images/phase1_000147.jpg
train,phase1_000148,0,clean,0,clean,0.9974404573440552,0.002559519140049815,/root/fs/ai/seeact_web_agent_study_artifacts/short_command_full_v1/phase1_classification/images/phase1_000148.jpg
train,phase1_000152,0,clean,0,clean,0.9991695880889893,0.000830440956633538,/root/fs/ai/seeact_web_agent_study_artifacts/short_command_full_v1/phase1_classification/images/phase1_000152.jpg
train,phase1_000155,0,clean,0,clean,0.9995676875114441,0.00043232928146608174,/root/fs/ai/seeact_web_agent_study_artifacts/short_command_full_v1/phase1_classification/images/phase1_000155.jpg
train,phase1_000156,0,clean,0,clean,0.9058511853218079,0.09414875507354736,/root/fs/ai/seeact_web_agent_study_artifacts/short_command_full_v1/phase1_classification/images/phase1_000156.jpg
train,phase1_000157,0,clean,0,clean,0.973347008228302,0.02665306068956852,/root/fs/ai/seeact_web_agent_study_artifacts/short_command_full_v1/phase1_classification/images/phase1_000157.jpg
train,phase1_000158,0,clean,0,clean,0.9977450966835022,0.0022549275308847427,/root/fs/ai/seeact_web_agent_study_artifacts/short_command_full_v1/phase1_classification/images/phase1_000158.jpg
train,phase1_000159,0,clean,0,clean,0.994077205657959,0.00592275895178318,/root/fs/ai/seeact_web_agent_study_artifacts/short_command_full_v1/phase1_classification/images/phase1_000159.jpg
train,phase1_000160,0,clean,0,clean,0.9959040284156799,0.004096023738384247,/root/fs/ai/seeact_web_agent_study_artifacts/short_command_full_v1/phase1_classification/images/phase1_000160.jpg
train,phase1_000162,0,clean,0,clean,0.9984425902366638,0.0015574487624689937,/root/fs/ai/seeact_web_agent_study_artifacts/short_command_full_v1/phase1_classification/images/phase1_000162.jpg
train,phase1_000167,0,clean,0,clean,0.997819185256958,0.002180779352784157,/root/fs/ai/seeact_web_agent_study_artifacts/short_command_full_v1/phase1_classification/images/phase1_000167.jpg
train,phase1_000168,0,clean,0,clean,0.9949004054069519,0.005099661648273468,/root/fs/ai/seeact_web_agent_study_artifacts/short_command_full_v1/phase1_classification/images/phase1_000168.jpg
train,phase1_000169,0,clean,0,clean,0.9992008805274963,0.0007991910097189248,/root/fs/ai/seeact_web_agent_study_artifacts/short_command_full_v1/phase1_classification/images/phase1_000169.jpg
train,phase1_000171,0,clean,0,clean,0.9989103078842163,0.0010896811727434397,/root/fs/ai/seeact_web_agent_study_artifacts/short_command_full_v1/phase1_classification/images/phase1_000171.jpg
train,phase1_000172,0,clean,0,clean,0.9991199374198914,0.0008800295763649046,/root/fs/ai/seeact_web_agent_study_artifacts/short_command_full_v1/phase1_classification/images/phase1_000172.jpg
train,phase1_000173,0,clean,0,clean,0.9988107681274414,0.0011892165057361126,/root/fs/ai/seeact_web_agent_study_artifacts/short_command_full_v1/phase1_classification/images/phase1_000173.jpg
train,phase1_000176,0,clean,0,clean,0.9997702240943909,0.00022978655761107802,/root/fs/ai/seeact_web_agent_study_artifacts/short_command_full_v1/phase1_classification/images/phase1_000176.jpg
train,phase1_000177,0,clean,0,clean,0.9982941746711731,0.0017057752702385187,/root/fs/ai/seeact_web_agent_study_artifacts/short_command_full_v1/phase1_classification/images/phase1_000177.jpg
train,phase1_000178,1,adv,1,adv,0.00012657386832870543,0.9998733997344971,/root/fs/ai/seeact_web_agent_study_artifacts/short_command_full_v1/phase1_classification/images/phase1_000178.jpg
train,phase1_000179,0,clean,0,clean,0.9907061457633972,0.009293871931731701,/root/fs/ai/seeact_web_agent_study_artifacts/short_command_full_v1/phase1_classification/images/phase1_000179.jpg
train,phase1_000180,0,clean,0,clean,0.99853515625,0.001464882749132812,/root/fs/ai/seeact_web_agent_study_artifacts/short_command_full_v1/phase1_classification/images/phase1_000180.jpg
train,phase1_000181,0,clean,0,clean,0.9980704188346863,0.0019296584650874138,/root/fs/ai/seeact_web_agent_study_artifacts/short_command_full_v1/phase1_classification/images/phase1_000181.jpg
train,phase1_000182,0,clean,0,clean,0.9877655506134033,0.012234422378242016,/root/fs/ai/seeact_web_agent_study_artifacts/short_command_full_v1/phase1_classification/images/phase1_000182.jpg
train,phase1_000183,1,adv,1,adv,0.013088537380099297,0.986911416053772,/root/fs/ai/seeact_web_agent_study_artifacts/short_command_full_v1/phase1_classification/images/phase1_000183.jpg
train,phase1_000186,0,clean,0,clean,0.9989896416664124,0.0010102936066687107,/root/fs/ai/seeact_web_agent_study_artifacts/short_command_full_v1/phase1_classification/images/phase1_000186.jpg
train,phase1_000187,0,clean,0,clean,0.9988755583763123,0.0011243995977565646,/root/fs/ai/seeact_web_agent_study_artifacts/short_command_full_v1/phase1_classification/images/phase1_000187.jpg
train,phase1_000189,0,clean,0,clean,0.9879531264305115,0.012046859599649906,/root/fs/ai/seeact_web_agent_study_artifacts/short_command_full_v1/phase1_classification/images/phase1_000189.jpg
train,phase1_000190,0,clean,0,clean,0.9925092458724976,0.0074906740337610245,/root/fs/ai/seeact_web_agent_study_artifacts/short_command_full_v1/phase1_classification/images/phase1_000190.jpg
train,phase1_000191,1,adv,1,adv,3.05796243083023e-06,0.9999969005584717,/root/fs/ai/seeact_web_agent_study_artifacts/short_command_full_v1/phase1_classification/images/phase1_000191.jpg
train,phase1_000195,0,clean,0,clean,0.9912290573120117,0.008770879358053207,/root/fs/ai/seeact_web_agent_study_artifacts/short_command_full_v1/phase1_classification/images/phase1_000195.jpg
train,phase1_000196,1,adv,1,adv,8.676160359755158e-05,0.999913215637207,/root/fs/ai/seeact_web_agent_study_artifacts/short_command_full_v1/phase1_classification/images/phase1_000196.jpg
train,phase1_000197,0,clean,0,clean,0.9985927939414978,0.0014071399345993996,/root/fs/ai/seeact_web_agent_study_artifacts/short_command_full_v1/phase1_classification/images/phase1_000197.jpg
train,phase1_000198,1,adv,1,adv,0.0001694601814961061,0.9998304843902588,/root/fs/ai/seeact_web_agent_study_artifacts/short_command_full_v1/phase1_classification/images/phase1_000198.jpg
train,phase1_000199,0,clean,0,clean,0.9780242443084717,0.021975724026560783,/root/fs/ai/seeact_web_agent_study_artifacts/short_command_full_v1/phase1_classification/images/phase1_000199.jpg
train,phase1_000200,0,clean,0,clean,0.9800779819488525,0.019921984523534775,/root/fs/ai/seeact_web_agent_study_artifacts/short_command_full_v1/phase1_classification/images/phase1_000200.jpg
train,phase1_000203,0,clean,0,clean,0.9369660019874573,0.06303396075963974,/root/fs/ai/seeact_web_agent_study_artifacts/short_command_full_v1/phase1_classification/images/phase1_000203.jpg
train,phase1_000204,0,clean,0,clean,0.9747569561004639,0.02524309605360031,/root/fs/ai/seeact_web_agent_study_artifacts/short_command_full_v1/phase1_classification/images/phase1_000204.jpg
train,phase1_000206,0,clean,0,clean,0.9967203736305237,0.003279595635831356,/root/fs/ai/seeact_web_agent_study_artifacts/short_command_full_v1/phase1_classification/images/phase1_000206.jpg
train,phase1_000207,0,clean,0,clean,0.9981116056442261,0.001888341037556529,/root/fs/ai/seeact_web_agent_study_artifacts/short_command_full_v1/phase1_classification/images/phase1_000207.jpg
train,phase1_000212,0,clean,0,clean,0.9986680746078491,0.0013319116551429033,/root/fs/ai/seeact_web_agent_study_artifacts/short_command_full_v1/phase1_classification/images/phase1_000212.jpg
train,phase1_000213,0,clean,0,clean,0.9985519051551819,0.0014480940299108624,/root/fs/ai/seeact_web_agent_study_artifacts/short_command_full_v1/phase1_classification/images/phase1_000213.jpg
train,phase1_000216,0,clean,0,clean,0.9988828301429749,0.0011171837104484439,/root/fs/ai/seeact_web_agent_study_artifacts/short_command_full_v1/phase1_classification/images/phase1_000216.jpg
train,phase1_000217,1,adv,1,adv,1.439308448425436e-06,0.9999985694885254,/root/fs/ai/seeact_web_agent_study_artifacts/short_command_full_v1/phase1_classification/images/phase1_000217.jpg
train,phase1_000218,1,adv,1,adv,0.00010885227675316855,0.9998911619186401,/root/fs/ai/seeact_web_agent_study_artifacts/short_command_full_v1/phase1_classification/images/phase1_000218.jpg
train,phase1_000219,0,clean,0,clean,0.9988375306129456,0.001162507920525968,/root/fs/ai/seeact_web_agent_study_artifacts/short_command_full_v1/phase1_classification/images/phase1_000219.jpg
train,phase1_000223,0,clean,0,clean,0.9988262057304382,0.0011738340836018324,/root/fs/ai/seeact_web_agent_study_artifacts/short_command_full_v1/phase1_classification/images/phase1_000223.jpg
train,phase1_000224,0,clean,0,clean,0.998807430267334,0.0011925703147426248,/root/fs/ai/seeact_web_agent_study_artifacts/short_command_full_v1/phase1_classification/images/phase1_000224.jpg
train,phase1_000225,1,adv,1,adv,9.000423233374022e-06,0.9999909400939941,/root/fs/ai/seeact_web_agent_study_artifacts/short_command_full_v1/phase1_classification/images/phase1_000225.jpg
train,phase1_000226,0,clean,0,clean,0.9985952973365784,0.0014047474833205342,/root/fs/ai/seeact_web_agent_study_artifacts/short_command_full_v1/phase1_classification/images/phase1_000226.jpg
train,phase1_000227,1,adv,1,adv,7.050434214761481e-05,0.9999295473098755,/root/fs/ai/seeact_web_agent_study_artifacts/short_command_full_v1/phase1_classification/images/phase1_000227.jpg
train,phase1_000228,0,clean,0,clean,0.9983353018760681,0.0016646792646497488,/root/fs/ai/seeact_web_agent_study_artifacts/short_command_full_v1/phase1_classification/images/phase1_000228.jpg
train,phase1_000229,1,adv,1,adv,0.00026467835414223373,0.9997352957725525,/root/fs/ai/seeact_web_agent_study_artifacts/short_command_full_v1/phase1_classification/images/phase1_000229.jpg
train,phase1_000230,0,clean,0,clean,0.9884805679321289,0.011519476771354675,/root/fs/ai/seeact_web_agent_study_artifacts/short_command_full_v1/phase1_classification/images/phase1_000230.jpg
train,phase1_000231,0,clean,0,clean,0.994942843914032,0.005057115573436022,/root/fs/ai/seeact_web_agent_study_artifacts/short_command_full_v1/phase1_classification/images/phase1_000231.jpg
train,phase1_000232,0,clean,0,clean,0.8633169531822205,0.13668309152126312,/root/fs/ai/seeact_web_agent_study_artifacts/short_command_full_v1/phase1_classification/images/phase1_000232.jpg
train,phase1_000233,0,clean,0,clean,0.8721603155136108,0.12783968448638916,/root/fs/ai/seeact_web_agent_study_artifacts/short_command_full_v1/phase1_classification/images/phase1_000233.jpg
train,phase1_000234,0,clean,0,clean,0.9989122152328491,0.0010878287721425295,/root/fs/ai/seeact_web_agent_study_artifacts/short_command_full_v1/phase1_classification/images/phase1_000234.jpg
train,phase1_000235,1,adv,1,adv,4.762440752870134e-08,1.0,/root/fs/ai/seeact_web_agent_study_artifacts/short_command_full_v1/phase1_classification/images/phase1_000235.jpg
train,phase1_000236,1,adv,1,adv,4.3702048060367815e-06,0.9999955892562866,/root/fs/ai/seeact_web_agent_study_artifacts/short_command_full_v1/phase1_classification/images/phase1_000236.jpg
train,phase1_000243,0,clean,0,clean,0.9449975490570068,0.05500240996479988,/root/fs/ai/seeact_web_agent_study_artifacts/short_command_full_v1/phase1_classification/images/phase1_000243.jpg
train,phase1_000244,0,clean,0,clean,0.9975478053092957,0.0024521658197045326,/root/fs/ai/seeact_web_agent_study_artifacts/short_command_full_v1/phase1_classification/images/phase1_000244.jpg
train,phase1_000245,0,clean,0,clean,0.9984330534934998,0.0015669037820771337,/root/fs/ai/seeact_web_agent_study_artifacts/short_command_full_v1/phase1_classification/images/phase1_000245.jpg
train,phase1_000246,0,clean,0,clean,0.9973816275596619,0.0026183398440480232,/root/fs/ai/seeact_web_agent_study_artifacts/short_command_full_v1/phase1_classification/images/phase1_000246.jpg
train,phase1_000247,0,clean,0,clean,0.9949095845222473,0.005090405698865652,/root/fs/ai/seeact_web_agent_study_artifacts/short_command_full_v1/phase1_classification/images/phase1_000247.jpg
train,phase1_000248,0,clean,0,clean,0.9983844757080078,0.0016154873883351684,/root/fs/ai/seeact_web_agent_study_artifacts/short_command_full_v1/phase1_classification/images/phase1_000248.jpg
train,phase1_000249,1,adv,1,adv,0.005013142712414265,0.994986891746521,/root/fs/ai/seeact_web_agent_study_artifacts/short_command_full_v1/phase1_classification/images/phase1_000249.jpg
train,phase1_000250,0,clean,0,clean,0.9994262456893921,0.0005737505271099508,/root/fs/ai/seeact_web_agent_study_artifacts/short_command_full_v1/phase1_classification/images/phase1_000250.jpg
train,phase1_000251,0,clean,0,clean,0.9983456134796143,0.0016543413512408733,/root/fs/ai/seeact_web_agent_study_artifacts/short_command_full_v1/phase1_classification/images/phase1_000251.jpg
train,phase1_000252,0,clean,0,clean,0.9980522394180298,0.0019477290334179997,/root/fs/ai/seeact_web_agent_study_artifacts/short_command_full_v1/phase1_classification/images/phase1_000252.jpg
train,phase1_000253,0,clean,0,clean,0.9971851706504822,0.0028148568235337734,/root/fs/ai/seeact_web_agent_study_artifacts/short_command_full_v1/phase1_classification/images/phase1_000253.jpg
train,phase1_000254,0,clean,0,clean,0.998747706413269,0.0012522825272753835,/root/fs/ai/seeact_web_agent_study_artifacts/short_command_full_v1/phase1_classification/images/phase1_000254.jpg
train,phase1_000255,0,clean,0,clean,0.998767614364624,0.0012323908740654588,/root/fs/ai/seeact_web_agent_study_artifacts/short_command_full_v1/phase1_classification/images/phase1_000255.jpg
train,phase1_000256,0,clean,0,clean,0.998262345790863,0.0017376106698065996,/root/fs/ai/seeact_web_agent_study_artifacts/short_command_full_v1/phase1_classification/images/phase1_000256.jpg
train,phase1_000257,1,adv,1,adv,0.0010459242621436715,0.9989540576934814,/root/fs/ai/seeact_web_agent_study_artifacts/short_command_full_v1/phase1_classification/images/phase1_000257.jpg
train,phase1_000259,0,clean,0,clean,0.9995654225349426,0.0004345679481048137,/root/fs/ai/seeact_web_agent_study_artifacts/short_command_full_v1/phase1_classification/images/phase1_000259.jpg
train,phase1_000260,0,clean,0,clean,0.9997350573539734,0.00026496188365854323,/root/fs/ai/seeact_web_agent_study_artifacts/short_command_full_v1/phase1_classification/images/phase1_000260.jpg
train,phase1_000261,1,adv,1,adv,8.61971147969598e-06,0.9999914169311523,/root/fs/ai/seeact_web_agent_study_artifacts/short_command_full_v1/phase1_classification/images/phase1_000261.jpg
train,phase1_000263,0,clean,0,clean,0.9986000657081604,0.0013999076327309012,/root/fs/ai/seeact_web_agent_study_artifacts/short_command_full_v1/phase1_classification/images/phase1_000263.jpg
train,phase1_000264,0,clean,0,clean,0.9979878664016724,0.002012138720601797,/root/fs/ai/seeact_web_agent_study_artifacts/short_command_full_v1/phase1_classification/images/phase1_000264.jpg
train,phase1_000265,1,adv,1,adv,0.0022085863165557384,0.9977914094924927,/root/fs/ai/seeact_web_agent_study_artifacts/short_command_full_v1/phase1_classification/images/phase1_000265.jpg
train,phase1_000266,0,clean,0,clean,0.9771098494529724,0.022890210151672363,/root/fs/ai/seeact_web_agent_study_artifacts/short_command_full_v1/phase1_classification/images/phase1_000266.jpg
train,phase1_000267,1,adv,1,adv,1.849613727245014e-05,0.9999815225601196,/root/fs/ai/seeact_web_agent_study_artifacts/short_command_full_v1/phase1_classification/images/phase1_000267.jpg
train,phase1_000269,0,clean,0,clean,0.9771098494529724,0.022890210151672363,/root/fs/ai/seeact_web_agent_study_artifacts/short_command_full_v1/phase1_classification/images/phase1_000269.jpg
train,phase1_000270,1,adv,1,adv,1.849613727245014e-05,0.9999815225601196,/root/fs/ai/seeact_web_agent_study_artifacts/short_command_full_v1/phase1_classification/images/phase1_000270.jpg
train,phase1_000271,0,clean,0,clean,0.9952659606933594,0.004734101705253124,/root/fs/ai/seeact_web_agent_study_artifacts/short_command_full_v1/phase1_classification/images/phase1_000271.jpg
train,phase1_000273,0,clean,0,clean,0.9967806339263916,0.003219358157366514,/root/fs/ai/seeact_web_agent_study_artifacts/short_command_full_v1/phase1_classification/images/phase1_000273.jpg
train,phase1_000274,0,clean,0,clean,0.9719746708869934,0.028025349602103233,/root/fs/ai/seeact_web_agent_study_artifacts/short_command_full_v1/phase1_classification/images/phase1_000274.jpg
train,phase1_000275,0,clean,0,clean,0.9749472737312317,0.02505272626876831,/root/fs/ai/seeact_web_agent_study_artifacts/short_command_full_v1/phase1_classification/images/phase1_000275.jpg
train,phase1_000276,0,clean,0,clean,0.9983945488929749,0.001605456811375916,/root/fs/ai/seeact_web_agent_study_artifacts/short_command_full_v1/phase1_classification/images/phase1_000276.jpg
train,phase1_000277,0,clean,0,clean,0.9977620840072632,0.0022378808353096247,/root/fs/ai/seeact_web_agent_study_artifacts/short_command_full_v1/phase1_classification/images/phase1_000277.jpg
train,phase1_000278,0,clean,0,clean,0.9970895648002625,0.0029104368295520544,/root/fs/ai/seeact_web_agent_study_artifacts/short_command_full_v1/phase1_classification/images/phase1_000278.jpg
train,phase1_000281,0,clean,0,clean,0.9762606024742126,0.023739438503980637,/root/fs/ai/seeact_web_agent_study_artifacts/short_command_full_v1/phase1_classification/images/phase1_000281.jpg
train,phase1_000282,0,clean,0,clean,0.9981837868690491,0.00181620754301548,/root/fs/ai/seeact_web_agent_study_artifacts/short_command_full_v1/phase1_classification/images/phase1_000282.jpg
train,phase1_000283,0,clean,0,clean,0.9981853365898132,0.001814584480598569,/root/fs/ai/seeact_web_agent_study_artifacts/short_command_full_v1/phase1_classification/images/phase1_000283.jpg
train,phase1_000284,1,adv,1,adv,4.956322072757757e-07,0.9999995231628418,/root/fs/ai/seeact_web_agent_study_artifacts/short_command_full_v1/phase1_classification/images/phase1_000284.jpg
train,phase1_000285,0,clean,0,clean,0.9991783499717712,0.0008216081187129021,/root/fs/ai/seeact_web_agent_study_artifacts/short_command_full_v1/phase1_classification/images/phase1_000285.jpg
train,phase1_000286,0,clean,0,clean,0.9932495355606079,0.006750444881618023,/root/fs/ai/seeact_web_agent_study_artifacts/short_command_full_v1/phase1_classification/images/phase1_000286.jpg
train,phase1_000287,1,adv,1,adv,1.594459490661393e-06,0.9999984502792358,/root/fs/ai/seeact_web_agent_study_artifacts/short_command_full_v1/phase1_classification/images/phase1_000287.jpg
train,phase1_000288,0,clean,0,clean,0.9932495355606079,0.006750444881618023,/root/fs/ai/seeact_web_agent_study_artifacts/short_command_full_v1/phase1_classification/images/phase1_000288.jpg
train,phase1_000289,1,adv,1,adv,1.594459490661393e-06,0.9999984502792358,/root/fs/ai/seeact_web_agent_study_artifacts/short_command_full_v1/phase1_classification/images/phase1_000289.jpg
train,phase1_000291,0,clean,0,clean,0.9981076717376709,0.0018923284951597452,/root/fs/ai/seeact_web_agent_study_artifacts/short_command_full_v1/phase1_classification/images/phase1_000291.jpg
train,phase1_000292,1,adv,1,adv,0.008223441429436207,0.9917765855789185,/root/fs/ai/seeact_web_agent_study_artifacts/short_command_full_v1/phase1_classification/images/phase1_000292.jpg
train,phase1_000293,0,clean,0,clean,0.9978092312812805,0.0021907652262598276,/root/fs/ai/seeact_web_agent_study_artifacts/short_command_full_v1/phase1_classification/images/phase1_000293.jpg
train,phase1_000294,0,clean,0,clean,0.9977658987045288,0.0022341562435030937,/root/fs/ai/seeact_web_agent_study_artifacts/short_command_full_v1/phase1_classification/images/phase1_000294.jpg
train,phase1_000297,0,clean,0,clean,0.9980502128601074,0.001949806697666645,/root/fs/ai/seeact_web_agent_study_artifacts/short_command_full_v1/phase1_classification/images/phase1_000297.jpg
train,phase1_000300,0,clean,0,clean,0.99788898229599,0.002111030276864767,/root/fs/ai/seeact_web_agent_study_artifacts/short_command_full_v1/phase1_classification/images/phase1_000300.jpg
train,phase1_000301,1,adv,1,adv,1.7844416788648232e-07,0.9999998807907104,/root/fs/ai/seeact_web_agent_study_artifacts/short_command_full_v1/phase1_classification/images/phase1_000301.jpg
train,phase1_000302,0,clean,0,clean,0.9991520643234253,0.0008479324751533568,/root/fs/ai/seeact_web_agent_study_artifacts/short_command_full_v1/phase1_classification/images/phase1_000302.jpg
train,phase1_000303,0,clean,0,clean,0.9986082911491394,0.0013917165342718363,/root/fs/ai/seeact_web_agent_study_artifacts/short_command_full_v1/phase1_classification/images/phase1_000303.jpg
train,phase1_000304,0,clean,0,clean,0.9976958632469177,0.0023040648084133863,/root/fs/ai/seeact_web_agent_study_artifacts/short_command_full_v1/phase1_classification/images/phase1_000304.jpg
train,phase1_000305,1,adv,1,adv,6.610328995293457e-08,0.9999998807907104,/root/fs/ai/seeact_web_agent_study_artifacts/short_command_full_v1/phase1_classification/images/phase1_000305.jpg
train,phase1_000306,0,clean,0,clean,0.9983320832252502,0.00166796101257205,/root/fs/ai/seeact_web_agent_study_artifacts/short_command_full_v1/phase1_classification/images/phase1_000306.jpg
train,phase1_000307,0,clean,0,clean,0.9974380731582642,0.002561860019341111,/root/fs/ai/seeact_web_agent_study_artifacts/short_command_full_v1/phase1_classification/images/phase1_000307.jpg
train,phase1_000308,1,adv,1,adv,3.6764102873121374e-08,1.0,/root/fs/ai/seeact_web_agent_study_artifacts/short_command_full_v1/phase1_classification/images/phase1_000308.jpg
train,phase1_000309,0,clean,0,clean,0.9973978996276855,0.0026020652148872614,/root/fs/ai/seeact_web_agent_study_artifacts/short_command_full_v1/phase1_classification/images/phase1_000309.jpg
train,phase1_000310,1,adv,1,adv,3.349765165694407e-06,0.9999966621398926,/root/fs/ai/seeact_web_agent_study_artifacts/short_command_full_v1/phase1_classification/images/phase1_000310.jpg
train,phase1_000311,0,clean,0,clean,0.9985431432723999,0.0014568223850801587,/root/fs/ai/seeact_web_agent_study_artifacts/short_command_full_v1/phase1_classification/images/phase1_000311.jpg
train,phase1_000312,0,clean,0,clean,0.998005211353302,0.001994786551222205,/root/fs/ai/seeact_web_agent_study_artifacts/short_command_full_v1/phase1_classification/images/phase1_000312.jpg
train,phase1_000313,0,clean,0,clean,0.99847012758255,0.0015298124635592103,/root/fs/ai/seeact_web_agent_study_artifacts/short_command_full_v1/phase1_classification/images/phase1_000313.jpg
train,phase1_000315,0,clean,0,clean,0.9992817044258118,0.0007183419656939805,/root/fs/ai/seeact_web_agent_study_artifacts/short_command_full_v1/phase1_classification/images/phase1_000315.jpg
train,phase1_000318,0,clean,0,clean,0.9985095858573914,0.0014904453419148922,/root/fs/ai/seeact_web_agent_study_artifacts/short_command_full_v1/phase1_classification/images/phase1_000318.jpg
train,phase1_000319,0,clean,0,clean,0.9991739392280579,0.0008260261965915561,/root/fs/ai/seeact_web_agent_study_artifacts/short_command_full_v1/phase1_classification/images/phase1_000319.jpg
train,phase1_000320,0,clean,0,clean,0.9982922673225403,0.001707713701762259,/root/fs/ai/seeact_web_agent_study_artifacts/short_command_full_v1/phase1_classification/images/phase1_000320.jpg
train,phase1_000325,0,clean,0,clean,0.999367892742157,0.0006321065011434257,/root/fs/ai/seeact_web_agent_study_artifacts/short_command_full_v1/phase1_classification/images/phase1_000325.jpg
train,phase1_000326,1,adv,1,adv,0.00010032417048932984,0.9998996257781982,/root/fs/ai/seeact_web_agent_study_artifacts/short_command_full_v1/phase1_classification/images/phase1_000326.jpg
train,phase1_000328,0,clean,0,clean,0.9984772801399231,0.0015227477997541428,/root/fs/ai/seeact_web_agent_study_artifacts/short_command_full_v1/phase1_classification/images/phase1_000328.jpg
train,phase1_000329,1,adv,1,adv,0.0013373252004384995,0.9986627101898193,/root/fs/ai/seeact_web_agent_study_artifacts/short_command_full_v1/phase1_classification/images/phase1_000329.jpg
train,phase1_000330,0,clean,0,clean,0.9982933402061462,0.0017066980944946408,/root/fs/ai/seeact_web_agent_study_artifacts/short_command_full_v1/phase1_classification/images/phase1_000330.jpg
train,phase1_000331,0,clean,0,clean,0.9991820454597473,0.0008179039577953517,/root/fs/ai/seeact_web_agent_study_artifacts/short_command_full_v1/phase1_classification/images/phase1_000331.jpg
train,phase1_000332,0,clean,0,clean,0.9989594221115112,0.0010406000073999166,/root/fs/ai/seeact_web_agent_study_artifacts/short_command_full_v1/phase1_classification/images/phase1_000332.jpg
train,phase1_000333,1,adv,1,adv,9.92924142906304e-08,0.9999998807907104,/root/fs/ai/seeact_web_agent_study_artifacts/short_command_full_v1/phase1_classification/images/phase1_000333.jpg
train,phase1_000334,0,clean,0,clean,0.9995160102844238,0.00048403546679764986,/root/fs/ai/seeact_web_agent_study_artifacts/short_command_full_v1/phase1_classification/images/phase1_000334.jpg
train,phase1_000335,1,adv,1,adv,2.736001079028938e-07,0.9999997615814209,/root/fs/ai/seeact_web_agent_study_artifacts/short_command_full_v1/phase1_classification/images/phase1_000335.jpg
train,phase1_000337,0,clean,0,clean,0.9983779191970825,0.0016221222467720509,/root/fs/ai/seeact_web_agent_study_artifacts/short_command_full_v1/phase1_classification/images/phase1_000337.jpg
train,phase1_000340,0,clean,0,clean,0.9990801811218262,0.0009198556072078645,/root/fs/ai/seeact_web_agent_study_artifacts/short_command_full_v1/phase1_classification/images/phase1_000340.jpg
train,phase1_000341,0,clean,0,clean,0.9987804293632507,0.0012195794843137264,/root/fs/ai/seeact_web_agent_study_artifacts/short_command_full_v1/phase1_classification/images/phase1_000341.jpg
train,phase1_000342,1,adv,1,adv,3.453705765821269e-09,1.0,/root/fs/ai/seeact_web_agent_study_artifacts/short_command_full_v1/phase1_classification/images/phase1_000342.jpg
train,phase1_000343,0,clean,0,clean,0.9988638162612915,0.001136188511736691,/root/fs/ai/seeact_web_agent_study_artifacts/short_command_full_v1/phase1_classification/images/phase1_000343.jpg
train,phase1_000344,0,clean,0,clean,0.9918138980865479,0.008186167106032372,/root/fs/ai/seeact_web_agent_study_artifacts/short_command_full_v1/phase1_classification/images/phase1_000344.jpg
train,phase1_000348,0,clean,0,clean,0.998439371585846,0.0015606157248839736,/root/fs/ai/seeact_web_agent_study_artifacts/short_command_full_v1/phase1_classification/images/phase1_000348.jpg
train,phase1_000349,0,clean,0,clean,0.998439371585846,0.0015606157248839736,/root/fs/ai/seeact_web_agent_study_artifacts/short_command_full_v1/phase1_classification/images/phase1_000349.jpg
train,phase1_000350,0,clean,0,clean,0.9981924891471863,0.0018075514817610383,/root/fs/ai/seeact_web_agent_study_artifacts/short_command_full_v1/phase1_classification/images/phase1_000350.jpg
train,phase1_000352,0,clean,0,clean,0.9990441203117371,0.0009558693855069578,/root/fs/ai/seeact_web_agent_study_artifacts/short_command_full_v1/phase1_classification/images/phase1_000352.jpg
train,phase1_000353,1,adv,1,adv,1.6546866845601471e-06,0.9999983310699463,/root/fs/ai/seeact_web_agent_study_artifacts/short_command_full_v1/phase1_classification/images/phase1_000353.jpg
train,phase1_000354,0,clean,0,clean,0.9990825653076172,0.0009174520964734256,/root/fs/ai/seeact_web_agent_study_artifacts/short_command_full_v1/phase1_classification/images/phase1_000354.jpg
train,phase1_000355,0,clean,0,clean,0.9992249011993408,0.0007750390213914216,/root/fs/ai/seeact_web_agent_study_artifacts/short_command_full_v1/phase1_classification/images/phase1_000355.jpg
train,phase1_000357,0,clean,0,clean,0.9979191422462463,0.0020808675326406956,/root/fs/ai/seeact_web_agent_study_artifacts/short_command_full_v1/phase1_classification/images/phase1_000357.jpg
train,phase1_000359,0,clean,0,clean,0.9981689453125,0.0018310080049559474,/root/fs/ai/seeact_web_agent_study_artifacts/short_command_full_v1/phase1_classification/images/phase1_000359.jpg
train,phase1_000361,0,clean,0,clean,0.9991387128829956,0.0008612250676378608,/root/fs/ai/seeact_web_agent_study_artifacts/short_command_full_v1/phase1_classification/images/phase1_000361.jpg
train,phase1_000363,0,clean,0,clean,0.9953595995903015,0.0046403901651501656,/root/fs/ai/seeact_web_agent_study_artifacts/short_command_full_v1/phase1_classification/images/phase1_000363.jpg
train,phase1_000364,0,clean,0,clean,0.9956931471824646,0.004306884482502937,/root/fs/ai/seeact_web_agent_study_artifacts/short_command_full_v1/phase1_classification/images/phase1_000364.jpg
train,phase1_000365,0,clean,0,clean,0.9959965944290161,0.004003359004855156,/root/fs/ai/seeact_web_agent_study_artifacts/short_command_full_v1/phase1_classification/images/phase1_000365.jpg
train,phase1_000367,0,clean,0,clean,0.9947550296783447,0.005244991276413202,/root/fs/ai/seeact_web_agent_study_artifacts/short_command_full_v1/phase1_classification/images/phase1_000367.jpg
train,phase1_000368,0,clean,0,clean,0.9927303194999695,0.007269712630659342,/root/fs/ai/seeact_web_agent_study_artifacts/short_command_full_v1/phase1_classification/images/phase1_000368.jpg
train,phase1_000369,0,clean,0,clean,0.9962843656539917,0.0037156192120164633,/root/fs/ai/seeact_web_agent_study_artifacts/short_command_full_v1/phase1_classification/images/phase1_000369.jpg
train,phase1_000370,1,adv,1,adv,4.831139904126758e-06,0.9999951124191284,/root/fs/ai/seeact_web_agent_study_artifacts/short_command_full_v1/phase1_classification/images/phase1_000370.jpg
train,phase1_000373,0,clean,0,clean,0.9965608716011047,0.003439108608290553,/root/fs/ai/seeact_web_agent_study_artifacts/short_command_full_v1/phase1_classification/images/phase1_000373.jpg
train,phase1_000374,1,adv,1,adv,1.918909447340411e-06,0.9999980926513672,/root/fs/ai/seeact_web_agent_study_artifacts/short_command_full_v1/phase1_classification/images/phase1_000374.jpg
train,phase1_000375,0,clean,0,clean,0.9988099336624146,0.0011900743702426553,/root/fs/ai/seeact_web_agent_study_artifacts/short_command_full_v1/phase1_classification/images/phase1_000375.jpg
train,phase1_000376,1,adv,1,adv,0.003060587216168642,0.9969394207000732,/root/fs/ai/seeact_web_agent_study_artifacts/short_command_full_v1/phase1_classification/images/phase1_000376.jpg
train,phase1_000377,1,adv,1,adv,0.035098809748888016,0.9649012088775635,/root/fs/ai/seeact_web_agent_study_artifacts/short_command_full_v1/phase1_classification/images/phase1_000377.jpg
train,phase1_000378,0,clean,0,clean,0.998855471611023,0.001144583453424275,/root/fs/ai/seeact_web_agent_study_artifacts/short_command_full_v1/phase1_classification/images/phase1_000378.jpg
train,phase1_000379,1,adv,1,adv,0.25880998373031616,0.7411900162696838,/root/fs/ai/seeact_web_agent_study_artifacts/short_command_full_v1/phase1_classification/images/phase1_000379.jpg
train,phase1_000380,1,adv,1,adv,0.018674185499548912,0.9813258647918701,/root/fs/ai/seeact_web_agent_study_artifacts/short_command_full_v1/phase1_classification/images/phase1_000380.jpg
train,phase1_000381,1,adv,1,adv,0.03550807014107704,0.9644919633865356,/root/fs/ai/seeact_web_agent_study_artifacts/short_command_full_v1/phase1_classification/images/phase1_000381.jpg
train,phase1_000382,0,clean,0,clean,0.9990922212600708,0.0009078382281586528,/root/fs/ai/seeact_web_agent_study_artifacts/short_command_full_v1/phase1_classification/images/phase1_000382.jpg
train,phase1_000383,1,adv,1,adv,0.00024276020121760666,0.9997572302818298,/root/fs/ai/seeact_web_agent_study_artifacts/short_command_full_v1/phase1_classification/images/phase1_000383.jpg
train,phase1_000384,0,clean,0,clean,0.9973849654197693,0.002615072065964341,/root/fs/ai/seeact_web_agent_study_artifacts/short_command_full_v1/phase1_classification/images/phase1_000384.jpg
train,phase1_000385,1,adv,1,adv,0.042217664420604706,0.9577823281288147,/root/fs/ai/seeact_web_agent_study_artifacts/short_command_full_v1/phase1_classification/images/phase1_000385.jpg
train,phase1_000386,0,clean,0,clean,0.9987758994102478,0.001224076491780579,/root/fs/ai/seeact_web_agent_study_artifacts/short_command_full_v1/phase1_classification/images/phase1_000386.jpg
train,phase1_000387,1,adv,1,adv,7.410993703160784e-07,0.9999992847442627,/root/fs/ai/seeact_web_agent_study_artifacts/short_command_full_v1/phase1_classification/images/phase1_000387.jpg
train,phase1_000388,0,clean,0,clean,0.9989113807678223,0.0010886103846132755,/root/fs/ai/seeact_web_agent_study_artifacts/short_command_full_v1/phase1_classification/images/phase1_000388.jpg
train,phase1_000392,0,clean,0,clean,0.9990735054016113,0.0009265164262615144,/root/fs/ai/seeact_web_agent_study_artifacts/short_command_full_v1/phase1_classification/images/phase1_000392.jpg
train,phase1_000393,1,adv,1,adv,1.604947897249076e-06,0.9999984502792358,/root/fs/ai/seeact_web_agent_study_artifacts/short_command_full_v1/phase1_classification/images/phase1_000393.jpg
train,phase1_000394,0,clean,0,clean,0.999487042427063,0.0005129174678586423,/root/fs/ai/seeact_web_agent_study_artifacts/short_command_full_v1/phase1_classification/images/phase1_000394.jpg
train,phase1_000395,1,adv,1,adv,0.0250066090375185,0.9749933481216431,/root/fs/ai/seeact_web_agent_study_artifacts/short_command_full_v1/phase1_classification/images/phase1_000395.jpg
train,phase1_000396,0,clean,0,clean,0.999006450176239,0.0009935416746884584,/root/fs/ai/seeact_web_agent_study_artifacts/short_command_full_v1/phase1_classification/images/phase1_000396.jpg
train,phase1_000397,0,clean,0,clean,0.9986856579780579,0.0013143891701474786,/root/fs/ai/seeact_web_agent_study_artifacts/short_command_full_v1/phase1_classification/images/phase1_000397.jpg
train,phase1_000398,0,clean,0,clean,0.9993767142295837,0.0006232688901945949,/root/fs/ai/seeact_web_agent_study_artifacts/short_command_full_v1/phase1_classification/images/phase1_000398.jpg
train,phase1_000399,1,adv,1,adv,0.07875482738018036,0.9212451577186584,/root/fs/ai/seeact_web_agent_study_artifacts/short_command_full_v1/phase1_classification/images/phase1_000399.jpg
train,phase1_000400,0,clean,0,clean,0.9984851479530334,0.00151488883420825,/root/fs/ai/seeact_web_agent_study_artifacts/short_command_full_v1/phase1_classification/images/phase1_000400.jpg
train,phase1_000401,1,adv,1,adv,0.0008754213922657073,0.9991245865821838,/root/fs/ai/seeact_web_agent_study_artifacts/short_command_full_v1/phase1_classification/images/phase1_000401.jpg
train,phase1_000402,0,clean,0,clean,0.9984790682792664,0.001520971185527742,/root/fs/ai/seeact_web_agent_study_artifacts/short_command_full_v1/phase1_classification/images/phase1_000402.jpg
train,phase1_000403,1,adv,1,adv,1.6728812397559523e-06,0.9999983310699463,/root/fs/ai/seeact_web_agent_study_artifacts/short_command_full_v1/phase1_classification/images/phase1_000403.jpg
train,phase1_000404,0,clean,0,clean,0.9982661604881287,0.0017338969046249986,/root/fs/ai/seeact_web_agent_study_artifacts/short_command_full_v1/phase1_classification/images/phase1_000404.jpg
train,phase1_000405,1,adv,1,adv,0.0004793086554855108,0.9995206594467163,/root/fs/ai/seeact_web_agent_study_artifacts/short_command_full_v1/phase1_classification/images/phase1_000405.jpg
train,phase1_000406,1,adv,1,adv,0.009595304727554321,0.9904047250747681,/root/fs/ai/seeact_web_agent_study_artifacts/short_command_full_v1/phase1_classification/images/phase1_000406.jpg
train,phase1_000411,0,clean,0,clean,0.9973426461219788,0.0026573603972792625,/root/fs/ai/seeact_web_agent_study_artifacts/short_command_full_v1/phase1_classification/images/phase1_000411.jpg
train,phase1_000412,1,adv,1,adv,4.2823745616260567e-07,0.9999995231628418,/root/fs/ai/seeact_web_agent_study_artifacts/short_command_full_v1/phase1_classification/images/phase1_000412.jpg
train,phase1_000413,1,adv,1,adv,6.939161721675191e-06,0.999993085861206,/root/fs/ai/seeact_web_agent_study_artifacts/short_command_full_v1/phase1_classification/images/phase1_000413.jpg
train,phase1_000414,0,clean,0,clean,0.9993525147438049,0.0006474345573224127,/root/fs/ai/seeact_web_agent_study_artifacts/short_command_full_v1/phase1_classification/images/phase1_000414.jpg
train,phase1_000418,0,clean,0,clean,0.9986944794654846,0.0013055121526122093,/root/fs/ai/seeact_web_agent_study_artifacts/short_command_full_v1/phase1_classification/images/phase1_000418.jpg
train,phase1_000419,0,clean,0,clean,0.9981598258018494,0.0018402114510536194,/root/fs/ai/seeact_web_agent_study_artifacts/short_command_full_v1/phase1_classification/images/phase1_000419.jpg
train,phase1_000421,0,clean,0,clean,0.9988536834716797,0.001146339112892747,/root/fs/ai/seeact_web_agent_study_artifacts/short_command_full_v1/phase1_classification/images/phase1_000421.jpg
train,phase1_000423,0,clean,0,clean,0.9976285099983215,0.0023714560084044933,/root/fs/ai/seeact_web_agent_study_artifacts/short_command_full_v1/phase1_classification/images/phase1_000423.jpg
train,phase1_000426,0,clean,0,clean,0.9974220991134644,0.002577962586656213,/root/fs/ai/seeact_web_agent_study_artifacts/short_command_full_v1/phase1_classification/images/phase1_000426.jpg
train,phase1_000427,0,clean,0,clean,0.9973112344741821,0.002688740845769644,/root/fs/ai/seeact_web_agent_study_artifacts/short_command_full_v1/phase1_classification/images/phase1_000427.jpg
train,phase1_000429,0,clean,0,clean,0.9965834021568298,0.003416660474613309,/root/fs/ai/seeact_web_agent_study_artifacts/short_command_full_v1/phase1_classification/images/phase1_000429.jpg
train,phase1_000430,1,adv,1,adv,0.01928883232176304,0.9807111620903015,/root/fs/ai/seeact_web_agent_study_artifacts/short_command_full_v1/phase1_classification/images/phase1_000430.jpg
train,phase1_000431,0,clean,0,clean,0.9965370893478394,0.00346290017478168,/root/fs/ai/seeact_web_agent_study_artifacts/short_command_full_v1/phase1_classification/images/phase1_000431.jpg
train,phase1_000434,0,clean,0,clean,0.9986672401428223,0.0013328285422176123,/root/fs/ai/seeact_web_agent_study_artifacts/short_command_full_v1/phase1_classification/images/phase1_000434.jpg
train,phase1_000436,0,clean,0,clean,0.998522937297821,0.0014770523412153125,/root/fs/ai/seeact_web_agent_study_artifacts/short_command_full_v1/phase1_classification/images/phase1_000436.jpg
train,phase1_000437,0,clean,0,clean,0.9972327351570129,0.002767308847978711,/root/fs/ai/seeact_web_agent_study_artifacts/short_command_full_v1/phase1_classification/images/phase1_000437.jpg
train,phase1_000438,0,clean,0,clean,0.9974365830421448,0.0025634129997342825,/root/fs/ai/seeact_web_agent_study_artifacts/short_command_full_v1/phase1_classification/images/phase1_000438.jpg
train,phase1_000442,0,clean,0,clean,0.9991965889930725,0.000803405768238008,/root/fs/ai/seeact_web_agent_study_artifacts/short_command_full_v1/phase1_classification/images/phase1_000442.jpg
train,phase1_000443,1,adv,1,adv,3.1978750030248193e-06,0.9999967813491821,/root/fs/ai/seeact_web_agent_study_artifacts/short_command_full_v1/phase1_classification/images/phase1_000443.jpg
train,phase1_000444,0,clean,0,clean,0.9986388087272644,0.0013611320173367858,/root/fs/ai/seeact_web_agent_study_artifacts/short_command_full_v1/phase1_classification/images/phase1_000444.jpg
train,phase1_000445,0,clean,0,clean,0.9992424249649048,0.0007575885974802077,/root/fs/ai/seeact_web_agent_study_artifacts/short_command_full_v1/phase1_classification/images/phase1_000445.jpg
train,phase1_000446,1,adv,1,adv,2.510339299988118e-06,0.9999974966049194,/root/fs/ai/seeact_web_agent_study_artifacts/short_command_full_v1/phase1_classification/images/phase1_000446.jpg
train,phase1_000447,0,clean,0,clean,0.9985737800598145,0.0014262668555602431,/root/fs/ai/seeact_web_agent_study_artifacts/short_command_full_v1/phase1_classification/images/phase1_000447.jpg
train,phase1_000448,1,adv,1,adv,7.571875175926834e-05,0.9999243021011353,/root/fs/ai/seeact_web_agent_study_artifacts/short_command_full_v1/phase1_classification/images/phase1_000448.jpg
train,phase1_000449,0,clean,0,clean,0.9987271428108215,0.0012728312285616994,/root/fs/ai/seeact_web_agent_study_artifacts/short_command_full_v1/phase1_classification/images/phase1_000449.jpg
train,phase1_000450,1,adv,1,adv,0.002554984763264656,0.9974449872970581,/root/fs/ai/seeact_web_agent_study_artifacts/short_command_full_v1/phase1_classification/images/phase1_000450.jpg
train,phase1_000451,0,clean,0,clean,0.9982941746711731,0.0017058085650205612,/root/fs/ai/seeact_web_agent_study_artifacts/short_command_full_v1/phase1_classification/images/phase1_000451.jpg
train,phase1_000452,0,clean,0,clean,0.99828040599823,0.0017196022672578692,/root/fs/ai/seeact_web_agent_study_artifacts/short_command_full_v1/phase1_classification/images/phase1_000452.jpg
train,phase1_000453,1,adv,1,adv,0.00020522985141724348,0.9997947812080383,/root/fs/ai/seeact_web_agent_study_artifacts/short_command_full_v1/phase1_classification/images/phase1_000453.jpg
train,phase1_000454,1,adv,1,adv,0.0017831959994509816,0.9982168078422546,/root/fs/ai/seeact_web_agent_study_artifacts/short_command_full_v1/phase1_classification/images/phase1_000454.jpg
train,phase1_000455,0,clean,0,clean,0.9988144636154175,0.001185560948215425,/root/fs/ai/seeact_web_agent_study_artifacts/short_command_full_v1/phase1_classification/images/phase1_000455.jpg
train,phase1_000456,1,adv,1,adv,4.7210636466843425e-07,0.9999995231628418,/root/fs/ai/seeact_web_agent_study_artifacts/short_command_full_v1/phase1_classification/images/phase1_000456.jpg
train,phase1_000457,0,clean,0,clean,0.9980289340019226,0.001971083227545023,/root/fs/ai/seeact_web_agent_study_artifacts/short_command_full_v1/phase1_classification/images/phase1_000457.jpg
train,phase1_000458,0,clean,0,clean,0.998893678188324,0.0011063901474699378,/root/fs/ai/seeact_web_agent_study_artifacts/short_command_full_v1/phase1_classification/images/phase1_000458.jpg
train,phase1_000459,0,clean,0,clean,0.9981626868247986,0.0018373164348304272,/root/fs/ai/seeact_web_agent_study_artifacts/short_command_full_v1/phase1_classification/images/phase1_000459.jpg
train,phase1_000460,0,clean,0,clean,0.9990567564964294,0.0009432390797883272,/root/fs/ai/seeact_web_agent_study_artifacts/short_command_full_v1/phase1_classification/images/phase1_000460.jpg
train,phase1_000461,0,clean,0,clean,0.9984102249145508,0.0015897948760539293,/root/fs/ai/seeact_web_agent_study_artifacts/short_command_full_v1/phase1_classification/images/phase1_000461.jpg
train,phase1_000463,0,clean,0,clean,0.9981708526611328,0.0018291231244802475,/root/fs/ai/seeact_web_agent_study_artifacts/short_command_full_v1/phase1_classification/images/phase1_000463.jpg
train,phase1_000464,0,clean,0,clean,0.9992534518241882,0.0007464812370017171,/root/fs/ai/seeact_web_agent_study_artifacts/short_command_full_v1/phase1_classification/images/phase1_000464.jpg
train,phase1_000467,0,clean,0,clean,0.9994412064552307,0.0005588337662629783,/root/fs/ai/seeact_web_agent_study_artifacts/short_command_full_v1/phase1_classification/images/phase1_000467.jpg
train,phase1_000468,1,adv,1,adv,1.9998334585547006e-11,1.0,/root/fs/ai/seeact_web_agent_study_artifacts/short_command_full_v1/phase1_classification/images/phase1_000468.jpg
train,phase1_000469,1,adv,1,adv,5.51677203919354e-10,1.0,/root/fs/ai/seeact_web_agent_study_artifacts/short_command_full_v1/phase1_classification/images/phase1_000469.jpg
train,phase1_000470,0,clean,0,clean,0.998961329460144,0.001038620714098215,/root/fs/ai/seeact_web_agent_study_artifacts/short_command_full_v1/phase1_classification/images/phase1_000470.jpg
train,phase1_000471,0,clean,0,clean,0.9985781908035278,0.0014217759016901255,/root/fs/ai/seeact_web_agent_study_artifacts/short_command_full_v1/phase1_classification/images/phase1_000471.jpg
train,phase1_000474,0,clean,0,clean,0.9972056746482849,0.0027943544555455446,/root/fs/ai/seeact_web_agent_study_artifacts/short_command_full_v1/phase1_classification/images/phase1_000474.jpg
train,phase1_000475,0,clean,0,clean,0.9983994364738464,0.0016005971701815724,/root/fs/ai/seeact_web_agent_study_artifacts/short_command_full_v1/phase1_classification/images/phase1_000475.jpg
train,phase1_000476,0,clean,0,clean,0.9960852861404419,0.0039146579802036285,/root/fs/ai/seeact_web_agent_study_artifacts/short_command_full_v1/phase1_classification/images/phase1_000476.jpg
train,phase1_000477,0,clean,0,clean,0.99868243932724,0.0013175273779779673,/root/fs/ai/seeact_web_agent_study_artifacts/short_command_full_v1/phase1_classification/images/phase1_000477.jpg
train,phase1_000479,0,clean,0,clean,0.998832643032074,0.0011673709377646446,/root/fs/ai/seeact_web_agent_study_artifacts/short_command_full_v1/phase1_classification/images/phase1_000479.jpg
train,phase1_000480,0,clean,0,clean,0.9994082450866699,0.0005917924572713673,/root/fs/ai/seeact_web_agent_study_artifacts/short_command_full_v1/phase1_classification/images/phase1_000480.jpg
train,phase1_000481,1,adv,1,adv,1.69103238356616e-11,1.0,/root/fs/ai/seeact_web_agent_study_artifacts/short_command_full_v1/phase1_classification/images/phase1_000481.jpg
train,phase1_000482,1,adv,1,adv,5.78313730237312e-10,1.0,/root/fs/ai/seeact_web_agent_study_artifacts/short_command_full_v1/phase1_classification/images/phase1_000482.jpg
train,phase1_000483,0,clean,0,clean,0.9954848289489746,0.00451513659209013,/root/fs/ai/seeact_web_agent_study_artifacts/short_command_full_v1/phase1_classification/images/phase1_000483.jpg
train,phase1_000484,0,clean,0,clean,0.9986377358436584,0.0013622214319184422,/root/fs/ai/seeact_web_agent_study_artifacts/short_command_full_v1/phase1_classification/images/phase1_000484.jpg
train,phase1_000485,0,clean,0,clean,0.9989374279975891,0.0010626328876242042,/root/fs/ai/seeact_web_agent_study_artifacts/short_command_full_v1/phase1_classification/images/phase1_000485.jpg
train,phase1_000486,0,clean,0,clean,0.9987560510635376,0.0012439722195267677,/root/fs/ai/seeact_web_agent_study_artifacts/short_command_full_v1/phase1_classification/images/phase1_000486.jpg
train,phase1_000487,0,clean,0,clean,0.9992002844810486,0.0007997524226084352,/root/fs/ai/seeact_web_agent_study_artifacts/short_command_full_v1/phase1_classification/images/phase1_000487.jpg
train,phase1_000488,1,adv,1,adv,1.7491782466905192e-09,1.0,/root/fs/ai/seeact_web_agent_study_artifacts/short_command_full_v1/phase1_classification/images/phase1_000488.jpg
train,phase1_000489,1,adv,1,adv,5.977233286103001e-08,0.9999998807907104,/root/fs/ai/seeact_web_agent_study_artifacts/short_command_full_v1/phase1_classification/images/phase1_000489.jpg
val,phase1_000022,0,clean,0,clean,0.998354971408844,0.0016449913382530212,/root/fs/ai/seeact_web_agent_study_artifacts/short_command_full_v1/phase1_classification/images/phase1_000022.jpg
val,phase1_000025,0,clean,0,clean,0.9988502264022827,0.0011498016538098454,/root/fs/ai/seeact_web_agent_study_artifacts/short_command_full_v1/phase1_classification/images/phase1_000025.jpg
val,phase1_000048,0,clean,0,clean,0.9983263611793518,0.0016736503457650542,/root/fs/ai/seeact_web_agent_study_artifacts/short_command_full_v1/phase1_classification/images/phase1_000048.jpg
val,phase1_000049,1,adv,1,adv,7.007439307926688e-06,0.9999929666519165,/root/fs/ai/seeact_web_agent_study_artifacts/short_command_full_v1/phase1_classification/images/phase1_000049.jpg
val,phase1_000056,0,clean,0,clean,0.999108612537384,0.0008913882775232196,/root/fs/ai/seeact_web_agent_study_artifacts/short_command_full_v1/phase1_classification/images/phase1_000056.jpg
val,phase1_000057,0,clean,0,clean,0.9983263611793518,0.0016736503457650542,/root/fs/ai/seeact_web_agent_study_artifacts/short_command_full_v1/phase1_classification/images/phase1_000057.jpg
val,phase1_000060,0,clean,0,clean,0.9993966817855835,0.000603343010880053,/root/fs/ai/seeact_web_agent_study_artifacts/short_command_full_v1/phase1_classification/images/phase1_000060.jpg
val,phase1_000061,0,clean,0,clean,0.9993534684181213,0.0006465717451646924,/root/fs/ai/seeact_web_agent_study_artifacts/short_command_full_v1/phase1_classification/images/phase1_000061.jpg
val,phase1_000062,1,adv,1,adv,2.5434223061893135e-05,0.9999746084213257,/root/fs/ai/seeact_web_agent_study_artifacts/short_command_full_v1/phase1_classification/images/phase1_000062.jpg
val,phase1_000073,0,clean,0,clean,0.9994145631790161,0.0005854645860381424,/root/fs/ai/seeact_web_agent_study_artifacts/short_command_full_v1/phase1_classification/images/phase1_000073.jpg
val,phase1_000079,0,clean,0,clean,0.999259889125824,0.0007400639588013291,/root/fs/ai/seeact_web_agent_study_artifacts/short_command_full_v1/phase1_classification/images/phase1_000079.jpg
val,phase1_000083,0,clean,0,clean,0.9989257454872131,0.0010742238955572248,/root/fs/ai/seeact_web_agent_study_artifacts/short_command_full_v1/phase1_classification/images/phase1_000083.jpg
val,phase1_000084,1,adv,1,adv,2.808850041446931e-09,1.0,/root/fs/ai/seeact_web_agent_study_artifacts/short_command_full_v1/phase1_classification/images/phase1_000084.jpg
val,phase1_000088,0,clean,0,clean,0.9980042576789856,0.001995799830183387,/root/fs/ai/seeact_web_agent_study_artifacts/short_command_full_v1/phase1_classification/images/phase1_000088.jpg
val,phase1_000096,0,clean,0,clean,0.999226450920105,0.0007735637482255697,/root/fs/ai/seeact_web_agent_study_artifacts/short_command_full_v1/phase1_classification/images/phase1_000096.jpg
val,phase1_000102,0,clean,0,clean,0.9993384480476379,0.0006615022430196404,/root/fs/ai/seeact_web_agent_study_artifacts/short_command_full_v1/phase1_classification/images/phase1_000102.jpg
val,phase1_000132,0,clean,0,clean,0.9986269474029541,0.0013730379287153482,/root/fs/ai/seeact_web_agent_study_artifacts/short_command_full_v1/phase1_classification/images/phase1_000132.jpg
val,phase1_000133,0,clean,0,clean,0.9993280172348022,0.000671972578857094,/root/fs/ai/seeact_web_agent_study_artifacts/short_command_full_v1/phase1_classification/images/phase1_000133.jpg
val,phase1_000134,0,clean,0,clean,0.9990472197532654,0.0009527989313937724,/root/fs/ai/seeact_web_agent_study_artifacts/short_command_full_v1/phase1_classification/images/phase1_000134.jpg
val,phase1_000149,0,clean,0,clean,0.9978088736534119,0.0021911950316280127,/root/fs/ai/seeact_web_agent_study_artifacts/short_command_full_v1/phase1_classification/images/phase1_000149.jpg
val,phase1_000161,0,clean,0,clean,0.9967671632766724,0.0032328239176422358,/root/fs/ai/seeact_web_agent_study_artifacts/short_command_full_v1/phase1_classification/images/phase1_000161.jpg
val,phase1_000163,0,clean,0,clean,0.9962226152420044,0.0037773309741169214,/root/fs/ai/seeact_web_agent_study_artifacts/short_command_full_v1/phase1_classification/images/phase1_000163.jpg
val,phase1_000164,0,clean,0,clean,0.9950443506240845,0.004955624230206013,/root/fs/ai/seeact_web_agent_study_artifacts/short_command_full_v1/phase1_classification/images/phase1_000164.jpg
val,phase1_000184,0,clean,0,clean,0.988236129283905,0.011763820424675941,/root/fs/ai/seeact_web_agent_study_artifacts/short_command_full_v1/phase1_classification/images/phase1_000184.jpg
val,phase1_000185,0,clean,0,clean,0.9938068389892578,0.006193189881742001,/root/fs/ai/seeact_web_agent_study_artifacts/short_command_full_v1/phase1_classification/images/phase1_000185.jpg
val,phase1_000192,0,clean,0,clean,0.9997028708457947,0.00029709780937992036,/root/fs/ai/seeact_web_agent_study_artifacts/short_command_full_v1/phase1_classification/images/phase1_000192.jpg
val,phase1_000193,0,clean,0,clean,0.9973238706588745,0.0026761400513350964,/root/fs/ai/seeact_web_agent_study_artifacts/short_command_full_v1/phase1_classification/images/phase1_000193.jpg
val,phase1_000194,0,clean,0,clean,0.9979526996612549,0.0020473094191402197,/root/fs/ai/seeact_web_agent_study_artifacts/short_command_full_v1/phase1_classification/images/phase1_000194.jpg
val,phase1_000201,0,clean,0,clean,0.9951116442680359,0.004888369236141443,/root/fs/ai/seeact_web_agent_study_artifacts/short_command_full_v1/phase1_classification/images/phase1_000201.jpg
val,phase1_000210,0,clean,0,clean,0.997837483882904,0.002162525663152337,/root/fs/ai/seeact_web_agent_study_artifacts/short_command_full_v1/phase1_classification/images/phase1_000210.jpg
val,phase1_000211,0,clean,0,clean,0.9987121820449829,0.001287835999391973,/root/fs/ai/seeact_web_agent_study_artifacts/short_command_full_v1/phase1_classification/images/phase1_000211.jpg
val,phase1_000222,0,clean,0,clean,0.9985365867614746,0.0014634381514042616,/root/fs/ai/seeact_web_agent_study_artifacts/short_command_full_v1/phase1_classification/images/phase1_000222.jpg
val,phase1_000238,0,clean,0,clean,0.9899387359619141,0.010061284527182579,/root/fs/ai/seeact_web_agent_study_artifacts/short_command_full_v1/phase1_classification/images/phase1_000238.jpg
val,phase1_000239,1,adv,1,adv,1.0367457434767857e-06,0.999998927116394,/root/fs/ai/seeact_web_agent_study_artifacts/short_command_full_v1/phase1_classification/images/phase1_000239.jpg
val,phase1_000262,0,clean,0,clean,0.999723494052887,0.0002765404642559588,/root/fs/ai/seeact_web_agent_study_artifacts/short_command_full_v1/phase1_classification/images/phase1_000262.jpg
val,phase1_000279,0,clean,0,clean,0.9979935884475708,0.0020064390264451504,/root/fs/ai/seeact_web_agent_study_artifacts/short_command_full_v1/phase1_classification/images/phase1_000279.jpg
val,phase1_000296,0,clean,0,clean,0.9980125427246094,0.0019874072168022394,/root/fs/ai/seeact_web_agent_study_artifacts/short_command_full_v1/phase1_classification/images/phase1_000296.jpg
val,phase1_000298,0,clean,0,clean,0.9976398944854736,0.0023601569700986147,/root/fs/ai/seeact_web_agent_study_artifacts/short_command_full_v1/phase1_classification/images/phase1_000298.jpg
val,phase1_000299,0,clean,0,clean,0.9985992312431335,0.0014007705030962825,/root/fs/ai/seeact_web_agent_study_artifacts/short_command_full_v1/phase1_classification/images/phase1_000299.jpg
val,phase1_000316,0,clean,0,clean,0.9994935989379883,0.000506367243360728,/root/fs/ai/seeact_web_agent_study_artifacts/short_command_full_v1/phase1_classification/images/phase1_000316.jpg
val,phase1_000322,0,clean,0,clean,0.9993213415145874,0.0006787183810956776,/root/fs/ai/seeact_web_agent_study_artifacts/short_command_full_v1/phase1_classification/images/phase1_000322.jpg
val,phase1_000323,1,adv,1,adv,7.99686458776705e-05,0.9999200105667114,/root/fs/ai/seeact_web_agent_study_artifacts/short_command_full_v1/phase1_classification/images/phase1_000323.jpg
val,phase1_000324,0,clean,0,clean,0.99866783618927,0.0013321303995326161,/root/fs/ai/seeact_web_agent_study_artifacts/short_command_full_v1/phase1_classification/images/phase1_000324.jpg
val,phase1_000338,0,clean,0,clean,0.9979692101478577,0.0020308152306824923,/root/fs/ai/seeact_web_agent_study_artifacts/short_command_full_v1/phase1_classification/images/phase1_000338.jpg
val,phase1_000346,0,clean,0,clean,0.9781871438026428,0.02181283012032509,/root/fs/ai/seeact_web_agent_study_artifacts/short_command_full_v1/phase1_classification/images/phase1_000346.jpg
val,phase1_000347,0,clean,0,clean,0.9820599555969238,0.01794004626572132,/root/fs/ai/seeact_web_agent_study_artifacts/short_command_full_v1/phase1_classification/images/phase1_000347.jpg
val,phase1_000356,0,clean,0,clean,0.9994602799415588,0.0005396722117438912,/root/fs/ai/seeact_web_agent_study_artifacts/short_command_full_v1/phase1_classification/images/phase1_000356.jpg
val,phase1_000358,0,clean,0,clean,0.9986555576324463,0.0013444781070575118,/root/fs/ai/seeact_web_agent_study_artifacts/short_command_full_v1/phase1_classification/images/phase1_000358.jpg
val,phase1_000390,0,clean,0,clean,0.9992316961288452,0.0007683182484470308,/root/fs/ai/seeact_web_agent_study_artifacts/short_command_full_v1/phase1_classification/images/phase1_000390.jpg
val,phase1_000391,1,adv,1,adv,1.910628270707093e-06,0.9999980926513672,/root/fs/ai/seeact_web_agent_study_artifacts/short_command_full_v1/phase1_classification/images/phase1_000391.jpg
val,phase1_000409,0,clean,0,clean,0.9979020357131958,0.002097923308610916,/root/fs/ai/seeact_web_agent_study_artifacts/short_command_full_v1/phase1_classification/images/phase1_000409.jpg
val,phase1_000410,1,adv,1,adv,2.6466665303814807e-07,0.9999997615814209,/root/fs/ai/seeact_web_agent_study_artifacts/short_command_full_v1/phase1_classification/images/phase1_000410.jpg
val,phase1_000422,0,clean,0,clean,0.9976798892021179,0.0023200809955596924,/root/fs/ai/seeact_web_agent_study_artifacts/short_command_full_v1/phase1_classification/images/phase1_000422.jpg
val,phase1_000425,0,clean,0,clean,0.9974613189697266,0.0025386586785316467,/root/fs/ai/seeact_web_agent_study_artifacts/short_command_full_v1/phase1_classification/images/phase1_000425.jpg
val,phase1_000428,0,clean,0,clean,0.9958003163337708,0.004199677146971226,/root/fs/ai/seeact_web_agent_study_artifacts/short_command_full_v1/phase1_classification/images/phase1_000428.jpg
val,phase1_000433,0,clean,0,clean,0.9957263469696045,0.0042736767791211605,/root/fs/ai/seeact_web_agent_study_artifacts/short_command_full_v1/phase1_classification/images/phase1_000433.jpg
val,phase1_000435,0,clean,0,clean,0.997904896736145,0.0020951570477336645,/root/fs/ai/seeact_web_agent_study_artifacts/short_command_full_v1/phase1_classification/images/phase1_000435.jpg
val,phase1_000439,0,clean,0,clean,0.998615026473999,0.0013850110117346048,/root/fs/ai/seeact_web_agent_study_artifacts/short_command_full_v1/phase1_classification/images/phase1_000439.jpg
val,phase1_000440,1,adv,1,adv,1.3349387700145599e-05,0.9999866485595703,/root/fs/ai/seeact_web_agent_study_artifacts/short_command_full_v1/phase1_classification/images/phase1_000440.jpg
val,phase1_000441,0,clean,0,clean,0.9981163740158081,0.001883643097244203,/root/fs/ai/seeact_web_agent_study_artifacts/short_command_full_v1/phase1_classification/images/phase1_000441.jpg
val,phase1_000462,0,clean,0,clean,0.9987021684646606,0.001297793467529118,/root/fs/ai/seeact_web_agent_study_artifacts/short_command_full_v1/phase1_classification/images/phase1_000462.jpg
val,phase1_000465,0,clean,0,clean,0.9982109069824219,0.0017891294555738568,/root/fs/ai/seeact_web_agent_study_artifacts/short_command_full_v1/phase1_classification/images/phase1_000465.jpg
val,phase1_000466,1,adv,1,adv,1.673496541343411e-08,1.0,/root/fs/ai/seeact_web_agent_study_artifacts/short_command_full_v1/phase1_classification/images/phase1_000466.jpg
val,phase1_000490,0,clean,0,clean,0.9996125102043152,0.0003874637477565557,/root/fs/ai/seeact_web_agent_study_artifacts/short_command_full_v1/phase1_classification/images/phase1_000490.jpg
test,phase1_000000,0,clean,0,clean,0.999040424823761,0.0009595539886504412,/root/fs/ai/seeact_web_agent_study_artifacts/short_command_full_v1/phase1_classification/images/phase1_000000.jpg
test,phase1_000001,1,adv,1,adv,0.05213462561368942,0.9478654265403748,/root/fs/ai/seeact_web_agent_study_artifacts/short_command_full_v1/phase1_classification/images/phase1_000001.jpg
test,phase1_000009,0,clean,0,clean,0.9989425539970398,0.0010574739426374435,/root/fs/ai/seeact_web_agent_study_artifacts/short_command_full_v1/phase1_classification/images/phase1_000009.jpg
test,phase1_000010,1,adv,1,adv,7.758236506560934e-07,0.9999991655349731,/root/fs/ai/seeact_web_agent_study_artifacts/short_command_full_v1/phase1_classification/images/phase1_000010.jpg
test,phase1_000011,1,adv,1,adv,6.363071528014963e-12,1.0,/root/fs/ai/seeact_web_agent_study_artifacts/short_command_full_v1/phase1_classification/images/phase1_000011.jpg
test,phase1_000012,1,adv,1,adv,1.4380191482032956e-10,1.0,/root/fs/ai/seeact_web_agent_study_artifacts/short_command_full_v1/phase1_classification/images/phase1_000012.jpg
test,phase1_000026,0,clean,0,clean,0.9991694688796997,0.0008305034716613591,/root/fs/ai/seeact_web_agent_study_artifacts/short_command_full_v1/phase1_classification/images/phase1_000026.jpg
test,phase1_000042,0,clean,0,clean,0.9984011054039001,0.0015989436069503427,/root/fs/ai/seeact_web_agent_study_artifacts/short_command_full_v1/phase1_classification/images/phase1_000042.jpg
test,phase1_000043,0,clean,0,clean,0.9985289573669434,0.0014710081741213799,/root/fs/ai/seeact_web_agent_study_artifacts/short_command_full_v1/phase1_classification/images/phase1_000043.jpg
test,phase1_000044,1,adv,1,adv,0.00035993941128253937,0.9996401071548462,/root/fs/ai/seeact_web_agent_study_artifacts/short_command_full_v1/phase1_classification/images/phase1_000044.jpg
test,phase1_000052,0,clean,0,clean,0.9989019632339478,0.0010980425868183374,/root/fs/ai/seeact_web_agent_study_artifacts/short_command_full_v1/phase1_classification/images/phase1_000052.jpg
test,phase1_000063,0,clean,0,clean,0.9993537068367004,0.0006462463643401861,/root/fs/ai/seeact_web_agent_study_artifacts/short_command_full_v1/phase1_classification/images/phase1_000063.jpg
test,phase1_000064,0,clean,0,clean,0.9993543028831482,0.0006457366398535669,/root/fs/ai/seeact_web_agent_study_artifacts/short_command_full_v1/phase1_classification/images/phase1_000064.jpg
test,phase1_000065,1,adv,1,adv,0.00017709398525767028,0.9998229146003723,/root/fs/ai/seeact_web_agent_study_artifacts/short_command_full_v1/phase1_classification/images/phase1_000065.jpg
test,phase1_000068,0,clean,0,clean,0.9986433386802673,0.0013567236019298434,/root/fs/ai/seeact_web_agent_study_artifacts/short_command_full_v1/phase1_classification/images/phase1_000068.jpg
test,phase1_000069,0,clean,0,clean,0.998487114906311,0.00151284399908036,/root/fs/ai/seeact_web_agent_study_artifacts/short_command_full_v1/phase1_classification/images/phase1_000069.jpg
test,phase1_000095,0,clean,0,clean,0.9985363483428955,0.0014636785490438342,/root/fs/ai/seeact_web_agent_study_artifacts/short_command_full_v1/phase1_classification/images/phase1_000095.jpg
test,phase1_000100,0,clean,0,clean,0.9973351359367371,0.002664888044819236,/root/fs/ai/seeact_web_agent_study_artifacts/short_command_full_v1/phase1_classification/images/phase1_000100.jpg
test,phase1_000101,1,adv,1,adv,0.008286713622510433,0.991713285446167,/root/fs/ai/seeact_web_agent_study_artifacts/short_command_full_v1/phase1_classification/images/phase1_000101.jpg
test,phase1_000135,0,clean,0,clean,0.995361864566803,0.004638195037841797,/root/fs/ai/seeact_web_agent_study_artifacts/short_command_full_v1/phase1_classification/images/phase1_000135.jpg
test,phase1_000143,0,clean,0,clean,0.9979389309883118,0.0020610669162124395,/root/fs/ai/seeact_web_agent_study_artifacts/short_command_full_v1/phase1_classification/images/phase1_000143.jpg
test,phase1_000150,0,clean,0,clean,0.9972432851791382,0.0027566663920879364,/root/fs/ai/seeact_web_agent_study_artifacts/short_command_full_v1/phase1_classification/images/phase1_000150.jpg
test,phase1_000151,1,adv,1,adv,9.481736924499273e-06,0.9999904632568359,/root/fs/ai/seeact_web_agent_study_artifacts/short_command_full_v1/phase1_classification/images/phase1_000151.jpg
test,phase1_000153,0,clean,0,clean,0.965522050857544,0.03447797894477844,/root/fs/ai/seeact_web_agent_study_artifacts/short_command_full_v1/phase1_classification/images/phase1_000153.jpg
test,phase1_000154,1,adv,1,adv,1.2542620424937923e-05,0.9999874830245972,/root/fs/ai/seeact_web_agent_study_artifacts/short_command_full_v1/phase1_classification/images/phase1_000154.jpg
test,phase1_000165,0,clean,0,clean,0.9812053442001343,0.018794666975736618,/root/fs/ai/seeact_web_agent_study_artifacts/short_command_full_v1/phase1_classification/images/phase1_000165.jpg
test,phase1_000166,1,adv,1,adv,7.452727913914714e-06,0.9999924898147583,/root/fs/ai/seeact_web_agent_study_artifacts/short_command_full_v1/phase1_classification/images/phase1_000166.jpg
test,phase1_000170,0,clean,0,clean,0.9991725087165833,0.0008274749270640314,/root/fs/ai/seeact_web_agent_study_artifacts/short_command_full_v1/phase1_classification/images/phase1_000170.jpg
test,phase1_000174,0,clean,0,clean,0.9993360638618469,0.0006638630293309689,/root/fs/ai/seeact_web_agent_study_artifacts/short_command_full_v1/phase1_classification/images/phase1_000174.jpg
test,phase1_000175,0,clean,0,clean,0.9990901947021484,0.0009098133305087686,/root/fs/ai/seeact_web_agent_study_artifacts/short_command_full_v1/phase1_classification/images/phase1_000175.jpg
test,phase1_000188,0,clean,0,clean,0.9989129304885864,0.0010870648548007011,/root/fs/ai/seeact_web_agent_study_artifacts/short_command_full_v1/phase1_classification/images/phase1_000188.jpg
test,phase1_000202,0,clean,0,clean,0.9976379871368408,0.002361967461183667,/root/fs/ai/seeact_web_agent_study_artifacts/short_command_full_v1/phase1_classification/images/phase1_000202.jpg
test,phase1_000205,0,clean,0,clean,0.9939889907836914,0.006011056248098612,/root/fs/ai/seeact_web_agent_study_artifacts/short_command_full_v1/phase1_classification/images/phase1_000205.jpg
test,phase1_000208,0,clean,0,clean,0.9981840252876282,0.0018159247701987624,/root/fs/ai/seeact_web_agent_study_artifacts/short_command_full_v1/phase1_classification/images/phase1_000208.jpg
test,phase1_000209,1,adv,1,adv,0.007502510212361813,0.9924975037574768,/root/fs/ai/seeact_web_agent_study_artifacts/short_command_full_v1/phase1_classification/images/phase1_000209.jpg
test,phase1_000214,0,clean,0,clean,0.9981714487075806,0.0018285854021087289,/root/fs/ai/seeact_web_agent_study_artifacts/short_command_full_v1/phase1_classification/images/phase1_000214.jpg
test,phase1_000215,1,adv,1,adv,3.872302386298543e-06,0.9999961853027344,/root/fs/ai/seeact_web_agent_study_artifacts/short_command_full_v1/phase1_classification/images/phase1_000215.jpg
test,phase1_000220,0,clean,0,clean,0.9976994395256042,0.0023005809634923935,/root/fs/ai/seeact_web_agent_study_artifacts/short_command_full_v1/phase1_classification/images/phase1_000220.jpg
test,phase1_000221,0,clean,0,clean,0.9985283613204956,0.0014715783763676882,/root/fs/ai/seeact_web_agent_study_artifacts/short_command_full_v1/phase1_classification/images/phase1_000221.jpg
test,phase1_000237,0,clean,0,clean,0.999625563621521,0.0003744724381249398,/root/fs/ai/seeact_web_agent_study_artifacts/short_command_full_v1/phase1_classification/images/phase1_000237.jpg
test,phase1_000240,0,clean,0,clean,0.9872004985809326,0.012799506075680256,/root/fs/ai/seeact_web_agent_study_artifacts/short_command_full_v1/phase1_classification/images/phase1_000240.jpg
test,phase1_000241,1,adv,1,adv,3.59428923957239e-07,0.9999996423721313,/root/fs/ai/seeact_web_agent_study_artifacts/short_command_full_v1/phase1_classification/images/phase1_000241.jpg
test,phase1_000242,1,adv,1,adv,1.667585024733853e-06,0.9999983310699463,/root/fs/ai/seeact_web_agent_study_artifacts/short_command_full_v1/phase1_classification/images/phase1_000242.jpg
test,phase1_000258,0,clean,0,clean,0.9980685114860535,0.001931531005539,/root/fs/ai/seeact_web_agent_study_artifacts/short_command_full_v1/phase1_classification/images/phase1_000258.jpg
test,phase1_000268,0,clean,0,clean,0.9702298045158386,0.029770145192742348,/root/fs/ai/seeact_web_agent_study_artifacts/short_command_full_v1/phase1_classification/images/phase1_000268.jpg
test,phase1_000272,0,clean,0,clean,0.9984169006347656,0.0015831092605367303,/root/fs/ai/seeact_web_agent_study_artifacts/short_command_full_v1/phase1_classification/images/phase1_000272.jpg
test,phase1_000280,0,clean,0,clean,0.9975928664207458,0.002407155930995941,/root/fs/ai/seeact_web_agent_study_artifacts/short_command_full_v1/phase1_classification/images/phase1_000280.jpg
test,phase1_000290,0,clean,0,clean,0.9902659058570862,0.009734035469591618,/root/fs/ai/seeact_web_agent_study_artifacts/short_command_full_v1/phase1_classification/images/phase1_000290.jpg
test,phase1_000295,0,clean,0,clean,0.9982352256774902,0.001764798304066062,/root/fs/ai/seeact_web_agent_study_artifacts/short_command_full_v1/phase1_classification/images/phase1_000295.jpg
test,phase1_000314,0,clean,0,clean,0.9993817806243896,0.0006181561038829386,/root/fs/ai/seeact_web_agent_study_artifacts/short_command_full_v1/phase1_classification/images/phase1_000314.jpg
test,phase1_000317,0,clean,0,clean,0.9994300007820129,0.0005699244211427867,/root/fs/ai/seeact_web_agent_study_artifacts/short_command_full_v1/phase1_classification/images/phase1_000317.jpg
test,phase1_000321,0,clean,0,clean,0.9986735582351685,0.001326512428931892,/root/fs/ai/seeact_web_agent_study_artifacts/short_command_full_v1/phase1_classification/images/phase1_000321.jpg
test,phase1_000327,0,clean,0,clean,0.9985768795013428,0.001423113513737917,/root/fs/ai/seeact_web_agent_study_artifacts/short_command_full_v1/phase1_classification/images/phase1_000327.jpg
test,phase1_000336,0,clean,0,clean,0.9989872574806213,0.001012721098959446,/root/fs/ai/seeact_web_agent_study_artifacts/short_command_full_v1/phase1_classification/images/phase1_000336.jpg
test,phase1_000339,0,clean,0,clean,0.9991293549537659,0.0008706282824277878,/root/fs/ai/seeact_web_agent_study_artifacts/short_command_full_v1/phase1_classification/images/phase1_000339.jpg
test,phase1_000345,0,clean,0,clean,0.9960469603538513,0.0039529940113425255,/root/fs/ai/seeact_web_agent_study_artifacts/short_command_full_v1/phase1_classification/images/phase1_000345.jpg
test,phase1_000351,0,clean,0,clean,0.9986227750778198,0.001377202570438385,/root/fs/ai/seeact_web_agent_study_artifacts/short_command_full_v1/phase1_classification/images/phase1_000351.jpg
test,phase1_000360,0,clean,0,clean,0.999110758304596,0.0008892790065146983,/root/fs/ai/seeact_web_agent_study_artifacts/short_command_full_v1/phase1_classification/images/phase1_000360.jpg
test,phase1_000362,0,clean,0,clean,0.9995713829994202,0.0004286289040464908,/root/fs/ai/seeact_web_agent_study_artifacts/short_command_full_v1/phase1_classification/images/phase1_000362.jpg
test,phase1_000366,0,clean,0,clean,0.9955131411552429,0.0044868807308375835,/root/fs/ai/seeact_web_agent_study_artifacts/short_command_full_v1/phase1_classification/images/phase1_000366.jpg
test,phase1_000371,0,clean,0,clean,0.9959625601768494,0.004037464037537575,/root/fs/ai/seeact_web_agent_study_artifacts/short_command_full_v1/phase1_classification/images/phase1_000371.jpg
test,phase1_000372,1,adv,1,adv,7.694515034017968e-07,0.9999992847442627,/root/fs/ai/seeact_web_agent_study_artifacts/short_command_full_v1/phase1_classification/images/phase1_000372.jpg
test,phase1_000389,0,clean,0,clean,0.9993758797645569,0.0006241373484954238,/root/fs/ai/seeact_web_agent_study_artifacts/short_command_full_v1/phase1_classification/images/phase1_000389.jpg
test,phase1_000407,0,clean,0,clean,0.9992387294769287,0.0007613091729581356,/root/fs/ai/seeact_web_agent_study_artifacts/short_command_full_v1/phase1_classification/images/phase1_000407.jpg
test,phase1_000408,1,adv,1,adv,2.8825379558838904e-05,0.9999711513519287,/root/fs/ai/seeact_web_agent_study_artifacts/short_command_full_v1/phase1_classification/images/phase1_000408.jpg
test,phase1_000415,0,clean,0,clean,0.9991171956062317,0.0008828052668832242,/root/fs/ai/seeact_web_agent_study_artifacts/short_command_full_v1/phase1_classification/images/phase1_000415.jpg
test,phase1_000416,1,adv,1,adv,0.0024494589306414127,0.9975505471229553,/root/fs/ai/seeact_web_agent_study_artifacts/short_command_full_v1/phase1_classification/images/phase1_000416.jpg
test,phase1_000417,0,clean,0,clean,0.9993113279342651,0.0006886257324367762,/root/fs/ai/seeact_web_agent_study_artifacts/short_command_full_v1/phase1_classification/images/phase1_000417.jpg
test,phase1_000420,0,clean,0,clean,0.9994962215423584,0.0005037363152951002,/root/fs/ai/seeact_web_agent_study_artifacts/short_command_full_v1/phase1_classification/images/phase1_000420.jpg
test,phase1_000424,0,clean,0,clean,0.9986288547515869,0.0013711138162761927,/root/fs/ai/seeact_web_agent_study_artifacts/short_command_full_v1/phase1_classification/images/phase1_000424.jpg
test,phase1_000432,0,clean,0,clean,0.9969292283058167,0.0030707386322319508,/root/fs/ai/seeact_web_agent_study_artifacts/short_command_full_v1/phase1_classification/images/phase1_000432.jpg
test,phase1_000472,0,clean,0,clean,0.9988353848457336,0.0011646331986412406,/root/fs/ai/seeact_web_agent_study_artifacts/short_command_full_v1/phase1_classification/images/phase1_000472.jpg
test,phase1_000473,1,adv,1,adv,2.912622226736161e-11,1.0,/root/fs/ai/seeact_web_agent_study_artifacts/short_command_full_v1/phase1_classification/images/phase1_000473.jpg
test,phase1_000478,0,clean,0,clean,0.9991040825843811,0.0008959041442722082,/root/fs/ai/seeact_web_agent_study_artifacts/short_command_full_v1/phase1_classification/images/phase1_000478.jpg
